ImageId,Label
1,0
2,1
3,2
4,2
5,4
6,6
7,8
8,4
9,5
10,0
11,3
12,4
13,4
14,4
15,8
16,5
17,4
18,3
19,6
20,4
21,4
22,4
23,2
24,1
25,5
26,9
27,8
28,4
29,4
30,1
31,9
32,7
33,9
34,8
35,1
36,0
37,9
38,8
39,6
40,8
41,2
42,6
43,4
44,4
45,2
46,0
47,3
48,3
49,2
50,3
51,2
52,4
53,9
54,3
55,0
56,9
57,9
58,4
59,6
60,3
61,4
62,5
63,4
64,6
65,1
66,1
67,0
68,9
69,9
70,2
71,7
72,1
73,4
74,2
75,5
76,7
77,1
78,4
79,1
80,6
81,9
82,8
83,1
84,2
85,4
86,8
87,9
88,4
89,1
90,4
91,3
92,4
93,4
94,4
95,2
96,4
97,4
98,7
99,7
100,3
101,9
102,3
103,9
104,6
105,8
106,2
107,3
108,8
109,2
110,7
111,5
112,7
113,4
114,4
115,7
116,7
117,6
118,4
119,7
120,4
121,6
122,9
123,4
124,4
125,7
126,0
127,8
128,8
129,0
130,3
131,1
132,7
133,9
134,4
135,9
136,6
137,4
138,2
139,6
140,4
141,3
142,3
143,3
144,2
145,2
146,6
147,6
148,0
149,1
150,3
151,4
152,3
153,3
154,1
155,9
156,3
157,3
158,3
159,9
160,5
161,4
162,7
163,7
164,3
165,2
166,4
167,0
168,2
169,7
170,2
171,4
172,8
173,9
174,0
175,4
176,4
177,4
178,9
179,7
180,9
181,9
182,1
183,3
184,9
185,1
186,8
187,8
188,4
189,0
190,7
191,4
192,9
193,1
194,4
195,1
196,0
197,2
198,4
199,2
200,9
201,0
202,4
203,2
204,5
205,9
206,8
207,6
208,2
209,1
210,9
211,4
212,4
213,7
214,1
215,9
216,5
217,9
218,8
219,2
220,8
221,9
222,9
223,9
224,3
225,2
226,4
227,8
228,9
229,8
230,1
231,9
232,7
233,6
234,2
235,9
236,7
237,4
238,0
239,9
240,2
241,1
242,9
243,7
244,9
245,0
246,2
247,4
248,9
249,3
250,3
251,8
252,1
253,6
254,4
255,4
256,8
257,4
258,9
259,8
260,3
261,3
262,2
263,4
264,4
265,4
266,9
267,3
268,9
269,2
270,8
271,4
272,8
273,8
274,2
275,7
276,2
277,8
278,5
279,9
280,7
281,8
282,4
283,4
284,8
285,3
286,8
287,3
288,1
289,4
290,2
291,4
292,1
293,8
294,1
295,3
296,0
297,3
298,1
299,7
300,8
301,8
302,4
303,0
304,9
305,6
306,4
307,7
308,4
309,7
310,7
311,1
312,1
313,4
314,3
315,7
316,8
317,9
318,0
319,9
320,2
321,1
322,2
323,9
324,0
325,8
326,7
327,8
328,7
329,7
330,4
331,1
332,2
333,9
334,7
335,6
336,6
337,1
338,4
339,3
340,8
341,6
342,5
343,5
344,0
345,9
346,2
347,9
348,8
349,0
350,4
351,9
352,6
353,4
354,3
355,0
356,6
357,0
358,8
359,9
360,9
361,5
362,1
363,2
364,0
365,7
366,1
367,4
368,7
369,9
370,9
371,8
372,4
373,0
374,4
375,2
376,6
377,6
378,7
379,2
380,9
381,8
382,3
383,9
384,9
385,9
386,1
387,4
388,4
389,9
390,9
391,5
392,3
393,3
394,4
395,9
396,4
397,4
398,4
399,4
400,5
401,0
402,2
403,0
404,4
405,4
406,8
407,7
408,0
409,5
410,0
411,9
412,0
413,8
414,4
415,7
416,7
417,8
418,8
419,4
420,4
421,0
422,4
423,0
424,9
425,8
426,4
427,1
428,6
429,6
430,4
431,4
432,9
433,4
434,3
435,1
436,2
437,5
438,8
439,3
440,8
441,2
442,7
443,1
444,2
445,0
446,9
447,8
448,7
449,4
450,8
451,1
452,6
453,3
454,0
455,5
456,8
457,4
458,9
459,9
460,9
461,5
462,8
463,4
464,6
465,4
466,4
467,7
468,1
469,8
470,2
471,8
472,5
473,9
474,6
475,0
476,7
477,0
478,6
479,7
480,4
481,8
482,4
483,3
484,7
485,3
486,1
487,4
488,9
489,7
490,0
491,8
492,2
493,4
494,8
495,8
496,1
497,7
498,1
499,9
500,3
501,8
502,1
503,2
504,2
505,9
506,3
507,4
508,6
509,4
510,4
511,2
512,5
513,7
514,1
515,2
516,0
517,6
518,4
519,9
520,4
521,5
522,4
523,4
524,8
525,4
526,4
527,5
528,9
529,4
530,7
531,1
532,9
533,8
534,9
535,9
536,2
537,4
538,4
539,2
540,1
541,6
542,4
543,4
544,3
545,2
546,7
547,3
548,9
549,9
550,7
551,7
552,1
553,7
554,2
555,2
556,8
557,4
558,4
559,4
560,8
561,8
562,3
563,9
564,3
565,2
566,7
567,8
568,4
569,4
570,4
571,6
572,7
573,9
574,4
575,5
576,8
577,5
578,4
579,1
580,1
581,2
582,7
583,4
584,4
585,5
586,0
587,4
588,2
589,3
590,4
591,3
592,2
593,0
594,4
595,9
596,2
597,9
598,7
599,6
600,1
601,1
602,3
603,7
604,9
605,9
606,8
607,5
608,3
609,0
610,4
611,7
612,9
613,4
614,2
615,4
616,8
617,0
618,1
619,8
620,9
621,1
622,7
623,8
624,7
625,9
626,3
627,1
628,8
629,3
630,9
631,4
632,7
633,9
634,3
635,7
636,9
637,8
638,1
639,3
640,8
641,4
642,9
643,2
644,2
645,2
646,5
647,6
648,0
649,5
650,1
651,1
652,9
653,9
654,3
655,9
656,9
657,4
658,4
659,4
660,3
661,9
662,4
663,1
664,1
665,8
666,7
667,7
668,9
669,8
670,8
671,4
672,9
673,8
674,1
675,2
676,4
677,4
678,7
679,3
680,7
681,4
682,7
683,7
684,1
685,3
686,8
687,3
688,0
689,3
690,8
691,4
692,0
693,1
694,8
695,0
696,7
697,4
698,9
699,1
700,9
701,1
702,1
703,3
704,4
705,9
706,8
707,4
708,7
709,8
710,9
711,0
712,1
713,3
714,5
715,9
716,4
717,3
718,9
719,9
720,1
721,6
722,9
723,0
724,1
725,7
726,0
727,0
728,5
729,1
730,9
731,8
732,7
733,3
734,9
735,1
736,0
737,3
738,8
739,9
740,4
741,9
742,3
743,9
744,3
745,8
746,8
747,0
748,2
749,8
750,9
751,7
752,9
753,0
754,5
755,9
756,4
757,2
758,7
759,7
760,3
761,1
762,9
763,8
764,3
765,4
766,8
767,9
768,1
769,8
770,8
771,0
772,4
773,7
774,1
775,4
776,3
777,3
778,2
779,1
780,4
781,5
782,0
783,7
784,8
785,8
786,8
787,3
788,0
789,2
790,7
791,8
792,1
793,9
794,3
795,9
796,2
797,4
798,8
799,3
800,1
801,1
802,2
803,1
804,4
805,4
806,9
807,9
808,1
809,1
810,9
811,9
812,4
813,7
814,9
815,5
816,5
817,8
818,6
819,3
820,0
821,1
822,7
823,9
824,6
825,9
826,4
827,4
828,9
829,2
830,9
831,8
832,5
833,9
834,4
835,9
836,4
837,8
838,7
839,6
840,5
841,1
842,7
843,8
844,8
845,8
846,9
847,9
848,0
849,4
850,8
851,9
852,7
853,3
854,0
855,4
856,5
857,0
858,0
859,8
860,8
861,9
862,2
863,2
864,8
865,2
866,4
867,6
868,9
869,4
870,9
871,7
872,5
873,9
874,9
875,2
876,9
877,4
878,7
879,8
880,3
881,6
882,1
883,8
884,3
885,0
886,0
887,0
888,2
889,9
890,7
891,3
892,0
893,1
894,7
895,1
896,9
897,8
898,9
899,4
900,8
901,3
902,6
903,3
904,4
905,5
906,5
907,2
908,6
909,6
910,4
911,9
912,1
913,0
914,6
915,1
916,0
917,3
918,9
919,4
920,7
921,2
922,2
923,2
924,8
925,8
926,3
927,2
928,9
929,2
930,8
931,8
932,3
933,6
934,2
935,8
936,0
937,0
938,2
939,1
940,4
941,1
942,3
943,6
944,5
945,4
946,9
947,0
948,4
949,0
950,2
951,9
952,0
953,9
954,0
955,0
956,2
957,1
958,8
959,5
960,6
961,2
962,6
963,3
964,4
965,6
966,3
967,9
968,4
969,4
970,9
971,0
972,3
973,4
974,7
975,4
976,7
977,1
978,4
979,7
980,4
981,3
982,9
983,1
984,3
985,8
986,8
987,4
988,2
989,6
990,9
991,0
992,9
993,6
994,0
995,2
996,9
997,6
998,9
999,4
1000,5
1001,4
1002,2
1003,4
1004,9
1005,2
1006,4
1007,8
1008,9
1009,1
1010,3
1011,8
1012,2
1013,1
1014,8
1015,4
1016,4
1017,8
1018,7
1019,9
1020,0
1021,8
1022,5
1023,9
1024,4
1025,1
1026,2
1027,8
1028,5
1029,2
1030,7
1031,5
1032,1
1033,8
1034,3
1035,5
1036,4
1037,2
1038,7
1039,4
1040,9
1041,2
1042,4
1043,9
1044,7
1045,5
1046,9
1047,8
1048,0
1049,4
1050,2
1051,4
1052,4
1053,7
1054,4
1055,3
1056,2
1057,6
1058,8
1059,8
1060,8
1061,9
1062,7
1063,8
1064,0
1065,7
1066,6
1067,5
1068,3
1069,3
1070,2
1071,9
1072,6
1073,3
1074,3
1075,9
1076,5
1077,1
1078,3
1079,4
1080,7
1081,7
1082,9
1083,8
1084,1
1085,1
1086,7
1087,7
1088,8
1089,7
1090,5
1091,9
1092,4
1093,1
1094,7
1095,3
1096,5
1097,9
1098,0
1099,4
1100,4
1101,4
1102,0
1103,7
1104,8
1105,1
1106,7
1107,0
1108,0
1109,1
1110,0
1111,9
1112,3
1113,9
1114,6
1115,2
1116,1
1117,8
1118,1
1119,4
1120,7
1121,2
1122,0
1123,6
1124,4
1125,5
1126,9
1127,8
1128,1
1129,2
1130,4
1131,6
1132,0
1133,6
1134,9
1135,1
1136,7
1137,3
1138,3
1139,0
1140,9
1141,4
1142,9
1143,5
1144,1
1145,7
1146,7
1147,0
1148,9
1149,4
1150,8
1151,4
1152,9
1153,6
1154,3
1155,9
1156,3
1157,3
1158,6
1159,8
1160,4
1161,0
1162,0
1163,9
1164,2
1165,9
1166,1
1167,5
1168,7
1169,8
1170,4
1171,6
1172,8
1173,9
1174,9
1175,7
1176,4
1177,1
1178,2
1179,4
1180,7
1181,3
1182,4
1183,0
1184,6
1185,2
1186,7
1187,9
1188,5
1189,2
1190,3
1191,4
1192,3
1193,9
1194,9
1195,0
1196,7
1197,7
1198,1
1199,3
1200,9
1201,5
1202,5
1203,7
1204,4
1205,4
1206,9
1207,0
1208,8
1209,3
1210,3
1211,8
1212,9
1213,0
1214,2
1215,1
1216,8
1217,4
1218,7
1219,8
1220,2
1221,4
1222,8
1223,2
1224,8
1225,9
1226,9
1227,7
1228,5
1229,4
1230,9
1231,4
1232,4
1233,1
1234,7
1235,4
1236,9
1237,1
1238,1
1239,3
1240,8
1241,1
1242,9
1243,7
1244,5
1245,7
1246,8
1247,8
1248,9
1249,6
1250,9
1251,4
1252,1
1253,4
1254,5
1255,8
1256,4
1257,4
1258,9
1259,0
1260,9
1261,4
1262,7
1263,4
1264,5
1265,4
1266,6
1267,5
1268,5
1269,9
1270,9
1271,4
1272,9
1273,0
1274,9
1275,1
1276,8
1277,9
1278,8
1279,3
1280,9
1281,4
1282,0
1283,9
1284,6
1285,4
1286,9
1287,3
1288,4
1289,1
1290,9
1291,9
1292,7
1293,2
1294,7
1295,0
1296,1
1297,3
1298,7
1299,7
1300,1
1301,6
1302,4
1303,4
1304,4
1305,9
1306,9
1307,4
1308,2
1309,9
1310,2
1311,8
1312,8
1313,4
1314,8
1315,3
1316,4
1317,6
1318,2
1319,9
1320,9
1321,7
1322,2
1323,9
1324,4
1325,4
1326,6
1327,3
1328,9
1329,8
1330,9
1331,9
1332,0
1333,6
1334,4
1335,2
1336,9
1337,2
1338,8
1339,4
1340,0
1341,6
1342,4
1343,1
1344,8
1345,4
1346,0
1347,6
1348,9
1349,9
1350,9
1351,9
1352,4
1353,1
1354,0
1355,9
1356,1
1357,8
1358,8
1359,8
1360,7
1361,6
1362,9
1363,3
1364,3
1365,4
1366,0
1367,4
1368,1
1369,7
1370,9
1371,1
1372,8
1373,5
1374,9
1375,9
1376,6
1377,1
1378,7
1379,3
1380,6
1381,8
1382,1
1383,6
1384,8
1385,9
1386,2
1387,6
1388,6
1389,9
1390,7
1391,1
1392,8
1393,6
1394,2
1395,2
1396,7
1397,4
1398,8
1399,3
1400,5
1401,2
1402,6
1403,9
1404,2
1405,4
1406,6
1407,6
1408,1
1409,0
1410,0
1411,5
1412,1
1413,4
1414,1
1415,7
1416,4
1417,3
1418,6
1419,1
1420,8
1421,9
1422,4
1423,4
1424,0
1425,7
1426,0
1427,2
1428,2
1429,4
1430,2
1431,0
1432,1
1433,5
1434,3
1435,4
1436,4
1437,4
1438,7
1439,0
1440,9
1441,2
1442,0
1443,7
1444,4
1445,1
1446,0
1447,6
1448,8
1449,2
1450,1
1451,4
1452,1
1453,0
1454,3
1455,4
1456,4
1457,8
1458,2
1459,0
1460,4
1461,3
1462,9
1463,8
1464,9
1465,4
1466,1
1467,9
1468,3
1469,1
1470,3
1471,1
1472,4
1473,4
1474,9
1475,3
1476,4
1477,5
1478,0
1479,9
1480,9
1481,4
1482,0
1483,4
1484,2
1485,9
1486,0
1487,4
1488,2
1489,2
1490,2
1491,8
1492,2
1493,5
1494,1
1495,3
1496,8
1497,3
1498,8
1499,8
1500,1
1501,0
1502,9
1503,4
1504,5
1505,6
1506,3
1507,3
1508,7
1509,9
1510,9
1511,7
1512,4
1513,5
1514,1
1515,1
1516,4
1517,1
1518,1
1519,8
1520,7
1521,1
1522,1
1523,1
1524,8
1525,8
1526,0
1527,8
1528,0
1529,4
1530,6
1531,2
1532,7
1533,9
1534,4
1535,2
1536,5
1537,4
1538,4
1539,9
1540,9
1541,7
1542,9
1543,4
1544,3
1545,3
1546,1
1547,3
1548,2
1549,9
1550,7
1551,1
1552,4
1553,1
1554,5
1555,4
1556,4
1557,4
1558,7
1559,4
1560,9
1561,1
1562,5
1563,2
1564,4
1565,8
1566,4
1567,9
1568,9
1569,0
1570,7
1571,9
1572,3
1573,2
1574,1
1575,9
1576,0
1577,9
1578,3
1579,8
1580,8
1581,5
1582,4
1583,8
1584,2
1585,1
1586,9
1587,7
1588,8
1589,4
1590,7
1591,9
1592,8
1593,2
1594,5
1595,4
1596,7
1597,0
1598,0
1599,7
1600,4
1601,4
1602,6
1603,8
1604,0
1605,1
1606,2
1607,8
1608,3
1609,3
1610,0
1611,4
1612,8
1613,3
1614,9
1615,8
1616,9
1617,4
1618,7
1619,9
1620,5
1621,0
1622,4
1623,9
1624,6
1625,2
1626,8
1627,4
1628,6
1629,4
1630,8
1631,8
1632,1
1633,9
1634,1
1635,1
1636,4
1637,8
1638,8
1639,3
1640,9
1641,4
1642,5
1643,4
1644,6
1645,7
1646,3
1647,3
1648,6
1649,2
1650,4
1651,2
1652,6
1653,6
1654,1
1655,0
1656,8
1657,1
1658,4
1659,3
1660,0
1661,1
1662,4
1663,2
1664,0
1665,2
1666,9
1667,6
1668,4
1669,4
1670,2
1671,4
1672,3
1673,1
1674,1
1675,9
1676,7
1677,9
1678,2
1679,4
1680,9
1681,3
1682,3
1683,3
1684,3
1685,9
1686,0
1687,1
1688,9
1689,9
1690,0
1691,5
1692,0
1693,7
1694,8
1695,6
1696,4
1697,9
1698,4
1699,4
1700,2
1701,9
1702,1
1703,4
1704,4
1705,3
1706,2
1707,4
1708,6
1709,4
1710,1
1711,9
1712,0
1713,3
1714,8
1715,6
1716,1
1717,3
1718,4
1719,8
1720,9
1721,4
1722,9
1723,6
1724,2
1725,9
1726,9
1727,7
1728,4
1729,8
1730,4
1731,2
1732,0
1733,6
1734,8
1735,8
1736,9
1737,6
1738,8
1739,0
1740,0
1741,7
1742,9
1743,9
1744,9
1745,0
1746,7
1747,3
1748,4
1749,9
1750,4
1751,2
1752,5
1753,3
1754,6
1755,7
1756,7
1757,0
1758,9
1759,9
1760,8
1761,4
1762,9
1763,0
1764,6
1765,3
1766,5
1767,3
1768,8
1769,4
1770,3
1771,9
1772,3
1773,0
1774,3
1775,4
1776,1
1777,1
1778,8
1779,9
1780,6
1781,1
1782,7
1783,4
1784,1
1785,4
1786,6
1787,6
1788,2
1789,4
1790,1
1791,1
1792,4
1793,6
1794,9
1795,4
1796,2
1797,9
1798,3
1799,3
1800,2
1801,3
1802,1
1803,1
1804,7
1805,6
1806,6
1807,4
1808,9
1809,7
1810,1
1811,0
1812,4
1813,9
1814,7
1815,1
1816,0
1817,8
1818,2
1819,1
1820,3
1821,9
1822,3
1823,9
1824,4
1825,8
1826,7
1827,4
1828,2
1829,9
1830,4
1831,9
1832,0
1833,4
1834,0
1835,1
1836,2
1837,3
1838,9
1839,2
1840,9
1841,3
1842,3
1843,0
1844,8
1845,1
1846,1
1847,6
1848,3
1849,8
1850,3
1851,6
1852,5
1853,9
1854,1
1855,0
1856,0
1857,3
1858,0
1859,7
1860,0
1861,9
1862,9
1863,0
1864,9
1865,4
1866,4
1867,1
1868,9
1869,7
1870,2
1871,8
1872,4
1873,1
1874,0
1875,2
1876,9
1877,4
1878,0
1879,3
1880,0
1881,5
1882,8
1883,2
1884,9
1885,9
1886,5
1887,6
1888,2
1889,6
1890,1
1891,3
1892,6
1893,4
1894,9
1895,4
1896,4
1897,8
1898,6
1899,4
1900,9
1901,9
1902,0
1903,5
1904,7
1905,2
1906,5
1907,3
1908,3
1909,9
1910,4
1911,3
1912,4
1913,3
1914,9
1915,6
1916,7
1917,3
1918,7
1919,8
1920,4
1921,4
1922,8
1923,3
1924,2
1925,7
1926,6
1927,9
1928,4
1929,9
1930,3
1931,5
1932,9
1933,4
1934,8
1935,7
1936,9
1937,3
1938,4
1939,0
1940,4
1941,4
1942,7
1943,9
1944,9
1945,8
1946,0
1947,3
1948,5
1949,3
1950,1
1951,8
1952,8
1953,2
1954,9
1955,9
1956,2
1957,7
1958,3
1959,4
1960,8
1961,9
1962,6
1963,9
1964,2
1965,6
1966,3
1967,4
1968,4
1969,2
1970,9
1971,8
1972,0
1973,1
1974,4
1975,4
1976,1
1977,9
1978,8
1979,8
1980,0
1981,3
1982,8
1983,4
1984,7
1985,5
1986,9
1987,9
1988,1
1989,4
1990,3
1991,4
1992,4
1993,1
1994,0
1995,7
1996,4
1997,9
1998,4
1999,5
2000,8
2001,8
2002,5
2003,3
2004,4
2005,9
2006,9
2007,8
2008,7
2009,6
2010,4
2011,2
2012,8
2013,9
2014,0
2015,3
2016,0
2017,6
2018,5
2019,6
2020,5
2021,0
2022,3
2023,1
2024,5
2025,9
2026,3
2027,4
2028,6
2029,9
2030,4
2031,4
2032,9
2033,0
2034,8
2035,3
2036,9
2037,6
2038,0
2039,8
2040,6
2041,9
2042,6
2043,1
2044,3
2045,6
2046,4
2047,8
2048,3
2049,8
2050,4
2051,9
2052,2
2053,8
2054,7
2055,1
2056,9
2057,9
2058,6
2059,5
2060,8
2061,9
2062,4
2063,4
2064,4
2065,8
2066,9
2067,0
2068,3
2069,8
2070,4
2071,1
2072,0
2073,3
2074,2
2075,7
2076,3
2077,4
2078,2
2079,2
2080,9
2081,6
2082,1
2083,3
2084,4
2085,9
2086,0
2087,2
2088,4
2089,0
2090,1
2091,0
2092,9
2093,1
2094,2
2095,4
2096,8
2097,9
2098,9
2099,4
2100,9
2101,3
2102,8
2103,1
2104,3
2105,4
2106,9
2107,3
2108,0
2109,2
2110,7
2111,1
2112,1
2113,7
2114,8
2115,0
2116,4
2117,2
2118,9
2119,8
2120,2
2121,9
2122,6
2123,1
2124,8
2125,4
2126,6
2127,4
2128,1
2129,3
2130,7
2131,0
2132,8
2133,7
2134,4
2135,0
2136,3
2137,8
2138,0
2139,0
2140,6
2141,9
2142,9
2143,2
2144,4
2145,0
2146,6
2147,3
2148,3
2149,4
2150,3
2151,3
2152,9
2153,7
2154,1
2155,9
2156,7
2157,2
2158,3
2159,8
2160,9
2161,5
2162,8
2163,9
2164,2
2165,8
2166,9
2167,8
2168,3
2169,2
2170,2
2171,4
2172,0
2173,2
2174,6
2175,4
2176,5
2177,8
2178,2
2179,9
2180,6
2181,7
2182,2
2183,9
2184,3
2185,6
2186,8
2187,2
2188,7
2189,9
2190,8
2191,9
2192,4
2193,1
2194,7
2195,2
2196,3
2197,9
2198,1
2199,0
2200,3
2201,0
2202,9
2203,9
2204,9
2205,9
2206,0
2207,4
2208,4
2209,4
2210,4
2211,9
2212,0
2213,1
2214,6
2215,4
2216,3
2217,1
2218,2
2219,8
2220,1
2221,2
2222,6
2223,8
2224,8
2225,4
2226,0
2227,4
2228,2
2229,9
2230,9
2231,5
2232,4
2233,1
2234,4
2235,9
2236,8
2237,8
2238,4
2239,5
2240,6
2241,9
2242,0
2243,7
2244,4
2245,7
2246,3
2247,4
2248,9
2249,4
2250,2
2251,8
2252,0
2253,4
2254,1
2255,8
2256,1
2257,4
2258,4
2259,8
2260,3
2261,1
2262,3
2263,4
2264,5
2265,9
2266,9
2267,8
2268,4
2269,3
2270,3
2271,4
2272,1
2273,4
2274,0
2275,9
2276,5
2277,4
2278,9
2279,9
2280,4
2281,4
2282,8
2283,0
2284,0
2285,9
2286,7
2287,8
2288,1
2289,4
2290,1
2291,4
2292,4
2293,4
2294,8
2295,4
2296,4
2297,0
2298,8
2299,4
2300,5
2301,7
2302,2
2303,8
2304,9
2305,7
2306,9
2307,6
2308,1
2309,3
2310,4
2311,4
2312,7
2313,1
2314,0
2315,9
2316,4
2317,9
2318,3
2319,8
2320,1
2321,9
2322,5
2323,7
2324,8
2325,6
2326,2
2327,9
2328,2
2329,4
2330,3
2331,4
2332,0
2333,9
2334,7
2335,6
2336,8
2337,4
2338,5
2339,3
2340,8
2341,3
2342,3
2343,2
2344,8
2345,8
2346,4
2347,8
2348,8
2349,6
2350,7
2351,4
2352,4
2353,9
2354,5
2355,3
2356,4
2357,9
2358,1
2359,7
2360,4
2361,7
2362,3
2363,4
2364,6
2365,4
2366,0
2367,3
2368,4
2369,5
2370,1
2371,1
2372,9
2373,0
2374,4
2375,9
2376,6
2377,3
2378,8
2379,5
2380,8
2381,4
2382,0
2383,3
2384,4
2385,2
2386,4
2387,2
2388,4
2389,1
2390,7
2391,9
2392,3
2393,9
2394,6
2395,2
2396,0
2397,3
2398,4
2399,0
2400,8
2401,4
2402,1
2403,9
2404,6
2405,9
2406,7
2407,1
2408,9
2409,9
2410,8
2411,8
2412,9
2413,5
2414,2
2415,1
2416,0
2417,1
2418,6
2419,9
2420,4
2421,0
2422,2
2423,1
2424,9
2425,6
2426,0
2427,8
2428,7
2429,8
2430,6
2431,9
2432,9
2433,4
2434,1
2435,4
2436,1
2437,1
2438,6
2439,4
2440,0
2441,1
2442,1
2443,0
2444,7
2445,0
2446,3
2447,9
2448,9
2449,3
2450,8
2451,1
2452,2
2453,8
2454,1
2455,8
2456,5
2457,9
2458,8
2459,4
2460,1
2461,0
2462,4
2463,5
2464,8
2465,8
2466,8
2467,9
2468,0
2469,9
2470,1
2471,7
2472,1
2473,4
2474,2
2475,3
2476,9
2477,1
2478,1
2479,8
2480,3
2481,1
2482,6
2483,7
2484,1
2485,1
2486,5
2487,5
2488,6
2489,6
2490,4
2491,4
2492,9
2493,3
2494,8
2495,6
2496,7
2497,2
2498,9
2499,1
2500,8
2501,8
2502,3
2503,9
2504,5
2505,0
2506,8
2507,8
2508,9
2509,3
2510,0
2511,7
2512,5
2513,8
2514,6
2515,5
2516,3
2517,6
2518,4
2519,4
2520,8
2521,3
2522,0
2523,2
2524,6
2525,4
2526,4
2527,5
2528,9
2529,9
2530,4
2531,9
2532,8
2533,4
2534,1
2535,9
2536,4
2537,8
2538,9
2539,1
2540,0
2541,9
2542,9
2543,2
2544,7
2545,7
2546,3
2547,3
2548,4
2549,1
2550,2
2551,2
2552,3
2553,6
2554,0
2555,0
2556,4
2557,9
2558,5
2559,9
2560,9
2561,6
2562,4
2563,3
2564,8
2565,0
2566,6
2567,5
2568,9
2569,3
2570,6
2571,6
2572,8
2573,8
2574,5
2575,1
2576,4
2577,0
2578,5
2579,1
2580,9
2581,3
2582,2
2583,9
2584,1
2585,4
2586,8
2587,9
2588,9
2589,0
2590,4
2591,5
2592,5
2593,4
2594,1
2595,3
2596,8
2597,8
2598,6
2599,7
2600,9
2601,7
2602,4
2603,5
2604,2
2605,2
2606,9
2607,8
2608,8
2609,9
2610,9
2611,2
2612,0
2613,4
2614,1
2615,3
2616,4
2617,8
2618,8
2619,3
2620,3
2621,9
2622,8
2623,7
2624,4
2625,3
2626,4
2627,7
2628,5
2629,8
2630,0
2631,4
2632,1
2633,4
2634,6
2635,4
2636,4
2637,9
2638,7
2639,5
2640,0
2641,2
2642,3
2643,6
2644,7
2645,7
2646,7
2647,0
2648,4
2649,4
2650,7
2651,9
2652,8
2653,9
2654,8
2655,4
2656,9
2657,8
2658,8
2659,9
2660,8
2661,4
2662,4
2663,6
2664,0
2665,3
2666,2
2667,9
2668,2
2669,4
2670,7
2671,4
2672,4
2673,2
2674,4
2675,4
2676,9
2677,1
2678,8
2679,2
2680,8
2681,1
2682,0
2683,5
2684,1
2685,0
2686,4
2687,1
2688,1
2689,3
2690,2
2691,0
2692,4
2693,4
2694,9
2695,3
2696,9
2697,4
2698,1
2699,4
2700,4
2701,7
2702,2
2703,7
2704,4
2705,6
2706,3
2707,9
2708,3
2709,9
2710,1
2711,2
2712,7
2713,1
2714,8
2715,5
2716,1
2717,5
2718,2
2719,3
2720,4
2721,1
2722,1
2723,2
2724,4
2725,9
2726,9
2727,9
2728,8
2729,3
2730,0
2731,4
2732,7
2733,4
2734,0
2735,8
2736,3
2737,9
2738,9
2739,9
2740,9
2741,2
2742,8
2743,8
2744,2
2745,8
2746,8
2747,9
2748,4
2749,1
2750,4
2751,9
2752,5
2753,1
2754,8
2755,5
2756,9
2757,3
2758,2
2759,5
2760,9
2761,5
2762,2
2763,9
2764,0
2765,1
2766,4
2767,4
2768,9
2769,8
2770,3
2771,3
2772,9
2773,8
2774,4
2775,8
2776,7
2777,1
2778,4
2779,3
2780,4
2781,8
2782,2
2783,8
2784,9
2785,3
2786,1
2787,9
2788,0
2789,4
2790,4
2791,5
2792,1
2793,9
2794,3
2795,8
2796,3
2797,9
2798,9
2799,9
2800,2
2801,2
2802,0
2803,7
2804,7
2805,4
2806,3
2807,4
2808,4
2809,0
2810,9
2811,9
2812,4
2813,3
2814,0
2815,7
2816,1
2817,9
2818,8
2819,4
2820,2
2821,0
2822,9
2823,7
2824,9
2825,1
2826,3
2827,8
2828,4
2829,6
2830,2
2831,9
2832,1
2833,6
2834,7
2835,9
2836,1
2837,7
2838,4
2839,7
2840,1
2841,4
2842,8
2843,8
2844,4
2845,9
2846,4
2847,4
2848,7
2849,7
2850,4
2851,4
2852,7
2853,9
2854,0
2855,2
2856,8
2857,5
2858,1
2859,0
2860,0
2861,7
2862,4
2863,9
2864,9
2865,1
2866,8
2867,8
2868,2
2869,8
2870,1
2871,0
2872,7
2873,1
2874,4
2875,3
2876,6
2877,0
2878,6
2879,3
2880,8
2881,4
2882,0
2883,7
2884,4
2885,2
2886,0
2887,8
2888,9
2889,4
2890,2
2891,7
2892,1
2893,5
2894,8
2895,8
2896,0
2897,9
2898,1
2899,4
2900,3
2901,3
2902,4
2903,3
2904,0
2905,1
2906,5
2907,1
2908,9
2909,2
2910,6
2911,2
2912,8
2913,4
2914,4
2915,5
2916,0
2917,2
2918,4
2919,2
2920,6
2921,7
2922,3
2923,4
2924,0
2925,8
2926,8
2927,9
2928,9
2929,0
2930,9
2931,4
2932,1
2933,7
2934,5
2935,0
2936,4
2937,2
2938,8
2939,8
2940,1
2941,4
2942,9
2943,6
2944,5
2945,8
2946,9
2947,3
2948,0
2949,6
2950,9
2951,0
2952,5
2953,9
2954,6
2955,5
2956,2
2957,1
2958,6
2959,4
2960,0
2961,0
2962,4
2963,3
2964,9
2965,6
2966,0
2967,8
2968,7
2969,7
2970,5
2971,2
2972,0
2973,5
2974,2
2975,0
2976,8
2977,1
2978,7
2979,0
2980,3
2981,7
2982,9
2983,9
2984,8
2985,4
2986,6
2987,9
2988,9
2989,9
2990,2
2991,9
2992,0
2993,4
2994,6
2995,2
2996,1
2997,9
2998,0
2999,2
3000,3
3001,4
3002,0
3003,1
3004,0
3005,2
3006,8
3007,8
3008,9
3009,1
3010,0
3011,7
3012,0
3013,3
3014,7
3015,4
3016,8
3017,8
3018,4
3019,9
3020,3
3021,1
3022,4
3023,9
3024,8
3025,9
3026,9
3027,9
3028,4
3029,9
3030,7
3031,1
3032,9
3033,9
3034,5
3035,5
3036,4
3037,6
3038,7
3039,8
3040,0
3041,6
3042,4
3043,5
3044,4
3045,1
3046,4
3047,5
3048,8
3049,9
3050,6
3051,4
3052,4
3053,2
3054,8
3055,3
3056,9
3057,4
3058,3
3059,7
3060,2
3061,9
3062,6
3063,0
3064,7
3065,9
3066,8
3067,8
3068,3
3069,2
3070,8
3071,4
3072,7
3073,4
3074,9
3075,3
3076,3
3077,8
3078,9
3079,9
3080,1
3081,4
3082,8
3083,7
3084,2
3085,9
3086,9
3087,4
3088,1
3089,1
3090,5
3091,9
3092,4
3093,9
3094,3
3095,0
3096,6
3097,0
3098,2
3099,3
3100,8
3101,4
3102,3
3103,1
3104,4
3105,4
3106,8
3107,6
3108,1
3109,4
3110,2
3111,2
3112,2
3113,3
3114,1
3115,9
3116,6
3117,8
3118,2
3119,4
3120,0
3121,2
3122,9
3123,1
3124,0
3125,8
3126,4
3127,3
3128,7
3129,9
3130,9
3131,4
3132,4
3133,4
3134,4
3135,7
3136,4
3137,1
3138,4
3139,3
3140,2
3141,7
3142,4
3143,1
3144,9
3145,4
3146,3
3147,2
3148,7
3149,4
3150,1
3151,4
3152,5
3153,4
3154,1
3155,1
3156,1
3157,8
3158,8
3159,8
3160,1
3161,9
3162,0
3163,4
3164,1
3165,4
3166,3
3167,0
3168,0
3169,4
3170,9
3171,4
3172,4
3173,9
3174,3
3175,9
3176,4
3177,0
3178,1
3179,9
3180,4
3181,9
3182,0
3183,1
3184,0
3185,7
3186,4
3187,5
3188,3
3189,4
3190,0
3191,7
3192,8
3193,8
3194,0
3195,1
3196,5
3197,8
3198,4
3199,0
3200,7
3201,7
3202,3
3203,9
3204,7
3205,7
3206,7
3207,0
3208,4
3209,6
3210,2
3211,4
3212,3
3213,6
3214,9
3215,9
3216,8
3217,2
3218,9
3219,4
3220,5
3221,4
3222,9
3223,5
3224,9
3225,9
3226,2
3227,6
3228,4
3229,3
3230,3
3231,9
3232,9
3233,3
3234,9
3235,2
3236,8
3237,1
3238,9
3239,8
3240,6
3241,2
3242,9
3243,5
3244,0
3245,2
3246,2
3247,1
3248,9
3249,3
3250,2
3251,9
3252,9
3253,4
3254,4
3255,0
3256,4
3257,4
3258,4
3259,8
3260,2
3261,7
3262,9
3263,0
3264,2
3265,9
3266,9
3267,3
3268,1
3269,4
3270,1
3271,0
3272,1
3273,4
3274,1
3275,0
3276,7
3277,7
3278,1
3279,1
3280,8
3281,7
3282,4
3283,8
3284,8
3285,4
3286,4
3287,7
3288,1
3289,9
3290,7
3291,5
3292,0
3293,5
3294,9
3295,8
3296,5
3297,2
3298,4
3299,4
3300,2
3301,5
3302,1
3303,8
3304,2
3305,1
3306,3
3307,1
3308,9
3309,0
3310,4
3311,9
3312,1
3313,2
3314,1
3315,7
3316,4
3317,1
3318,8
3319,2
3320,6
3321,1
3322,8
3323,4
3324,9
3325,4
3326,3
3327,1
3328,8
3329,1
3330,4
3331,1
3332,5
3333,5
3334,6
3335,1
3336,8
3337,6
3338,7
3339,3
3340,4
3341,9
3342,4
3343,8
3344,9
3345,9
3346,4
3347,7
3348,2
3349,4
3350,1
3351,0
3352,3
3353,7
3354,3
3355,9
3356,1
3357,0
3358,9
3359,0
3360,2
3361,8
3362,5
3363,3
3364,4
3365,4
3366,8
3367,8
3368,4
3369,6
3370,6
3371,3
3372,9
3373,2
3374,7
3375,9
3376,6
3377,6
3378,8
3379,4
3380,8
3381,8
3382,2
3383,8
3384,0
3385,4
3386,8
3387,6
3388,8
3389,4
3390,7
3391,4
3392,1
3393,3
3394,9
3395,0
3396,1
3397,1
3398,9
3399,8
3400,9
3401,8
3402,3
3403,8
3404,1
3405,9
3406,1
3407,9
3408,1
3409,4
3410,1
3411,4
3412,2
3413,8
3414,7
3415,9
3416,0
3417,1
3418,9
3419,2
3420,8
3421,3
3422,8
3423,7
3424,1
3425,7
3426,2
3427,4
3428,6
3429,5
3430,3
3431,3
3432,9
3433,5
3434,6
3435,8
3436,7
3437,9
3438,7
3439,9
3440,9
3441,8
3442,1
3443,4
3444,8
3445,0
3446,4
3447,3
3448,0
3449,9
3450,2
3451,8
3452,4
3453,5
3454,0
3455,8
3456,3
3457,2
3458,4
3459,5
3460,8
3461,0
3462,3
3463,2
3464,8
3465,4
3466,1
3467,4
3468,1
3469,4
3470,8
3471,1
3472,3
3473,3
3474,4
3475,4
3476,4
3477,8
3478,7
3479,4
3480,7
3481,6
3482,9
3483,8
3484,9
3485,3
3486,0
3487,8
3488,8
3489,4
3490,1
3491,6
3492,9
3493,4
3494,1
3495,7
3496,8
3497,4
3498,2
3499,9
3500,9
3501,2
3502,7
3503,5
3504,8
3505,2
3506,4
3507,5
3508,2
3509,8
3510,4
3511,9
3512,0
3513,4
3514,9
3515,1
3516,0
3517,2
3518,3
3519,4
3520,8
3521,0
3522,7
3523,9
3524,6
3525,4
3526,3
3527,2
3528,8
3529,0
3530,3
3531,3
3532,7
3533,0
3534,4
3535,0
3536,3
3537,6
3538,4
3539,4
3540,9
3541,4
3542,8
3543,7
3544,0
3545,1
3546,1
3547,8
3548,9
3549,6
3550,7
3551,6
3552,1
3553,6
3554,1
3555,6
3556,8
3557,8
3558,9
3559,6
3560,2
3561,3
3562,9
3563,0
3564,7
3565,1
3566,8
3567,9
3568,1
3569,4
3570,3
3571,9
3572,8
3573,7
3574,9
3575,3
3576,4
3577,8
3578,7
3579,8
3580,7
3581,0
3582,4
3583,7
3584,3
3585,3
3586,8
3587,8
3588,8
3589,8
3590,4
3591,0
3592,2
3593,6
3594,6
3595,4
3596,6
3597,1
3598,9
3599,8
3600,9
3601,1
3602,8
3603,4
3604,1
3605,7
3606,9
3607,0
3608,0
3609,6
3610,2
3611,9
3612,2
3613,1
3614,2
3615,5
3616,0
3617,1
3618,7
3619,3
3620,8
3621,7
3622,8
3623,1
3624,6
3625,1
3626,9
3627,6
3628,7
3629,8
3630,4
3631,6
3632,2
3633,4
3634,0
3635,2
3636,8
3637,0
3638,1
3639,5
3640,8
3641,8
3642,1
3643,9
3644,7
3645,1
3646,4
3647,8
3648,7
3649,9
3650,4
3651,9
3652,4
3653,4
3654,6
3655,9
3656,5
3657,6
3658,2
3659,9
3660,9
3661,8
3662,6
3663,4
3664,8
3665,3
3666,3
3667,4
3668,9
3669,9
3670,9
3671,2
3672,0
3673,0
3674,7
3675,9
3676,7
3677,7
3678,8
3679,0
3680,9
3681,7
3682,4
3683,3
3684,2
3685,0
3686,1
3687,3
3688,2
3689,5
3690,3
3691,7
3692,3
3693,4
3694,4
3695,9
3696,8
3697,4
3698,3
3699,7
3700,7
3701,6
3702,1
3703,0
3704,2
3705,8
3706,4
3707,7
3708,6
3709,5
3710,4
3711,9
3712,6
3713,7
3714,1
3715,9
3716,2
3717,8
3718,9
3719,8
3720,6
3721,1
3722,8
3723,3
3724,9
3725,8
3726,0
3727,3
3728,1
3729,7
3730,9
3731,8
3732,3
3733,3
3734,8
3735,2
3736,5
3737,1
3738,9
3739,7
3740,5
3741,1
3742,4
3743,4
3744,4
3745,8
3746,6
3747,7
3748,9
3749,6
3750,9
3751,4
3752,1
3753,4
3754,2
3755,1
3756,5
3757,9
3758,3
3759,2
3760,4
3761,3
3762,4
3763,2
3764,6
3765,9
3766,9
3767,5
3768,9
3769,4
3770,2
3771,1
3772,0
3773,5
3774,4
3775,1
3776,6
3777,9
3778,6
3779,5
3780,8
3781,2
3782,3
3783,5
3784,9
3785,4
3786,7
3787,8
3788,3
3789,8
3790,9
3791,4
3792,7
3793,4
3794,8
3795,3
3796,4
3797,8
3798,7
3799,3
3800,3
3801,1
3802,4
3803,5
3804,8
3805,0
3806,6
3807,4
3808,8
3809,1
3810,9
3811,4
3812,2
3813,7
3814,8
3815,9
3816,0
3817,9
3818,1
3819,5
3820,0
3821,6
3822,9
3823,0
3824,8
3825,4
3826,9
3827,3
3828,0
3829,4
3830,1
3831,9
3832,6
3833,3
3834,4
3835,5
3836,2
3837,2
3838,2
3839,3
3840,8
3841,9
3842,2
3843,8
3844,3
3845,8
3846,2
3847,2
3848,4
3849,9
3850,8
3851,4
3852,4
3853,0
3854,8
3855,3
3856,7
3857,9
3858,9
3859,6
3860,9
3861,1
3862,0
3863,4
3864,4
3865,2
3866,0
3867,3
3868,2
3869,0
3870,8
3871,3
3872,6
3873,1
3874,8
3875,5
3876,1
3877,4
3878,5
3879,9
3880,6
3881,7
3882,4
3883,8
3884,0
3885,3
3886,4
3887,9
3888,1
3889,4
3890,2
3891,0
3892,8
3893,3
3894,0
3895,1
3896,8
3897,0
3898,8
3899,6
3900,0
3901,4
3902,6
3903,4
3904,0
3905,0
3906,1
3907,7
3908,0
3909,6
3910,3
3911,8
3912,2
3913,4
3914,8
3915,6
3916,9
3917,6
3918,7
3919,3
3920,0
3921,2
3922,9
3923,4
3924,4
3925,3
3926,1
3927,8
3928,2
3929,3
3930,1
3931,6
3932,4
3933,1
3934,4
3935,0
3936,0
3937,4
3938,9
3939,1
3940,1
3941,0
3942,8
3943,9
3944,4
3945,4
3946,0
3947,8
3948,4
3949,3
3950,9
3951,4
3952,9
3953,8
3954,0
3955,9
3956,9
3957,9
3958,6
3959,1
3960,1
3961,8
3962,1
3963,4
3964,4
3965,8
3966,8
3967,5
3968,0
3969,9
3970,0
3971,1
3972,1
3973,4
3974,4
3975,9
3976,4
3977,8
3978,8
3979,9
3980,6
3981,4
3982,3
3983,0
3984,1
3985,8
3986,3
3987,6
3988,9
3989,4
3990,9
3991,4
3992,1
3993,4
3994,4
3995,4
3996,2
3997,7
3998,7
3999,4
4000,6
4001,0
4002,7
4003,4
4004,1
4005,9
4006,1
4007,8
4008,7
4009,7
4010,9
4011,8
4012,3
4013,9
4014,1
4015,8
4016,4
4017,3
4018,8
4019,9
4020,9
4021,6
4022,1
4023,4
4024,0
4025,4
4026,3
4027,4
4028,6
4029,6
4030,4
4031,7
4032,9
4033,4
4034,7
4035,6
4036,4
4037,4
4038,6
4039,8
4040,4
4041,1
4042,4
4043,4
4044,8
4045,7
4046,3
4047,9
4048,7
4049,7
4050,7
4051,3
4052,5
4053,6
4054,9
4055,3
4056,7
4057,9
4058,9
4059,3
4060,9
4061,8
4062,4
4063,1
4064,7
4065,2
4066,4
4067,4
4068,4
4069,5
4070,3
4071,8
4072,4
4073,0
4074,6
4075,1
4076,9
4077,2
4078,4
4079,9
4080,9
4081,6
4082,3
4083,1
4084,4
4085,7
4086,3
4087,9
4088,3
4089,9
4090,8
4091,0
4092,9
4093,8
4094,9
4095,3
4096,8
4097,3
4098,5
4099,7
4100,4
4101,2
4102,0
4103,5
4104,1
4105,1
4106,4
4107,9
4108,5
4109,0
4110,8
4111,4
4112,0
4113,8
4114,3
4115,5
4116,2
4117,1
4118,7
4119,0
4120,7
4121,5
4122,1
4123,9
4124,7
4125,9
4126,9
4127,8
4128,4
4129,1
4130,9
4131,9
4132,5
4133,9
4134,9
4135,7
4136,4
4137,7
4138,9
4139,9
4140,1
4141,1
4142,4
4143,2
4144,0
4145,3
4146,7
4147,7
4148,8
4149,4
4150,9
4151,0
4152,4
4153,1
4154,1
4155,9
4156,9
4157,8
4158,0
4159,9
4160,7
4161,9
4162,2
4163,9
4164,7
4165,1
4166,4
4167,3
4168,0
4169,4
4170,3
4171,9
4172,8
4173,7
4174,7
4175,6
4176,1
4177,7
4178,9
4179,8
4180,9
4181,8
4182,3
4183,2
4184,5
4185,8
4186,5
4187,9
4188,9
4189,1
4190,1
4191,1
4192,4
4193,0
4194,9
4195,0
4196,8
4197,9
4198,3
4199,1
4200,8
4201,1
4202,4
4203,4
4204,4
4205,1
4206,8
4207,6
4208,1
4209,0
4210,6
4211,8
4212,3
4213,4
4214,7
4215,4
4216,2
4217,2
4218,8
4219,5
4220,9
4221,6
4222,2
4223,0
4224,3
4225,0
4226,9
4227,3
4228,8
4229,4
4230,4
4231,3
4232,6
4233,8
4234,4
4235,1
4236,8
4237,3
4238,3
4239,0
4240,0
4241,1
4242,7
4243,9
4244,1
4245,6
4246,9
4247,4
4248,0
4249,3
4250,9
4251,4
4252,0
4253,4
4254,8
4255,1
4256,0
4257,7
4258,0
4259,4
4260,1
4261,4
4262,3
4263,3
4264,1
4265,4
4266,6
4267,3
4268,8
4269,4
4270,6
4271,4
4272,9
4273,9
4274,1
4275,7
4276,9
4277,9
4278,9
4279,9
4280,9
4281,9
4282,2
4283,3
4284,9
4285,7
4286,3
4287,4
4288,9
4289,4
4290,8
4291,6
4292,4
4293,4
4294,9
4295,9
4296,7
4297,3
4298,4
4299,9
4300,9
4301,1
4302,8
4303,8
4304,6
4305,4
4306,1
4307,6
4308,4
4309,2
4310,1
4311,1
4312,3
4313,7
4314,2
4315,7
4316,1
4317,2
4318,2
4319,7
4320,9
4321,0
4322,9
4323,9
4324,4
4325,1
4326,3
4327,2
4328,3
4329,4
4330,7
4331,8
4332,2
4333,7
4334,2
4335,2
4336,0
4337,4
4338,0
4339,3
4340,4
4341,4
4342,4
4343,7
4344,8
4345,9
4346,4
4347,8
4348,9
4349,6
4350,3
4351,8
4352,6
4353,5
4354,1
4355,1
4356,8
4357,6
4358,1
4359,3
4360,4
4361,3
4362,7
4363,9
4364,0
4365,6
4366,1
4367,3
4368,3
4369,8
4370,4
4371,9
4372,9
4373,6
4374,9
4375,4
4376,4
4377,1
4378,9
4379,8
4380,7
4381,4
4382,4
4383,0
4384,0
4385,4
4386,4
4387,9
4388,9
4389,6
4390,9
4391,9
4392,0
4393,4
4394,4
4395,2
4396,2
4397,2
4398,7
4399,2
4400,6
4401,3
4402,0
4403,4
4404,0
4405,4
4406,3
4407,6
4408,1
4409,3
4410,1
4411,5
4412,1
4413,9
4414,4
4415,4
4416,4
4417,4
4418,2
4419,8
4420,3
4421,4
4422,4
4423,8
4424,3
4425,3
4426,7
4427,9
4428,4
4429,7
4430,2
4431,9
4432,1
4433,6
4434,7
4435,1
4436,1
4437,4
4438,4
4439,8
4440,9
4441,9
4442,6
4443,8
4444,0
4445,4
4446,2
4447,8
4448,1
4449,1
4450,2
4451,9
4452,8
4453,0
4454,5
4455,3
4456,6
4457,9
4458,0
4459,9
4460,1
4461,9
4462,4
4463,9
4464,9
4465,8
4466,4
4467,1
4468,0
4469,9
4470,8
4471,8
4472,3
4473,3
4474,7
4475,0
4476,8
4477,3
4478,7
4479,3
4480,9
4481,9
4482,9
4483,0
4484,0
4485,1
4486,4
4487,9
4488,7
4489,9
4490,1
4491,2
4492,4
4493,8
4494,4
4495,5
4496,8
4497,8
4498,9
4499,2
4500,1
4501,3
4502,2
4503,0
4504,4
4505,8
4506,3
4507,8
4508,2
4509,9
4510,2
4511,4
4512,9
4513,7
4514,9
4515,2
4516,4
4517,1
4518,3
4519,2
4520,4
4521,6
4522,9
4523,3
4524,0
4525,7
4526,4
4527,8
4528,7
4529,6
4530,9
4531,8
4532,4
4533,4
4534,0
4535,4
4536,2
4537,0
4538,3
4539,8
4540,8
4541,8
4542,6
4543,1
4544,1
4545,9
4546,0
4547,1
4548,7
4549,8
4550,9
4551,4
4552,9
4553,0
4554,1
4555,7
4556,6
4557,2
4558,4
4559,6
4560,4
4561,7
4562,1
4563,7
4564,0
4565,8
4566,1
4567,1
4568,9
4569,7
4570,2
4571,9
4572,4
4573,0
4574,0
4575,9
4576,4
4577,1
4578,7
4579,1
4580,1
4581,7
4582,0
4583,1
4584,4
4585,4
4586,1
4587,1
4588,1
4589,9
4590,9
4591,9
4592,9
4593,5
4594,8
4595,7
4596,5
4597,1
4598,8
4599,4
4600,1
4601,9
4602,8
4603,4
4604,9
4605,9
4606,9
4607,4
4608,3
4609,0
4610,2
4611,7
4612,9
4613,0
4614,4
4615,1
4616,9
4617,4
4618,4
4619,1
4620,7
4621,1
4622,3
4623,7
4624,2
4625,7
4626,3
4627,9
4628,9
4629,3
4630,0
4631,6
4632,4
4633,5
4634,4
4635,4
4636,9
4637,8
4638,0
4639,3
4640,7
4641,7
4642,4
4643,1
4644,0
4645,4
4646,0
4647,9
4648,0
4649,9
4650,2
4651,8
4652,3
4653,1
4654,5
4655,8
4656,1
4657,1
4658,9
4659,2
4660,5
4661,4
4662,9
4663,9
4664,9
4665,4
4666,4
4667,4
4668,4
4669,8
4670,6
4671,6
4672,9
4673,4
4674,4
4675,5
4676,8
4677,9
4678,9
4679,8
4680,4
4681,3
4682,4
4683,9
4684,1
4685,9
4686,3
4687,1
4688,0
4689,9
4690,0
4691,3
4692,3
4693,4
4694,2
4695,7
4696,9
4697,3
4698,3
4699,1
4700,7
4701,4
4702,7
4703,8
4704,8
4705,0
4706,2
4707,5
4708,8
4709,8
4710,6
4711,8
4712,8
4713,5
4714,4
4715,0
4716,9
4717,7
4718,2
4719,9
4720,8
4721,4
4722,2
4723,7
4724,1
4725,1
4726,3
4727,1
4728,6
4729,0
4730,0
4731,8
4732,6
4733,1
4734,3
4735,8
4736,1
4737,4
4738,9
4739,6
4740,1
4741,8
4742,8
4743,0
4744,1
4745,1
4746,8
4747,4
4748,9
4749,0
4750,9
4751,1
4752,7
4753,4
4754,2
4755,3
4756,1
4757,2
4758,2
4759,2
4760,3
4761,9
4762,3
4763,7
4764,7
4765,8
4766,4
4767,4
4768,6
4769,5
4770,3
4771,9
4772,8
4773,7
4774,2
4775,6
4776,5
4777,1
4778,5
4779,7
4780,9
4781,7
4782,9
4783,9
4784,0
4785,5
4786,0
4787,9
4788,4
4789,3
4790,6
4791,4
4792,0
4793,1
4794,4
4795,4
4796,4
4797,0
4798,9
4799,4
4800,2
4801,9
4802,3
4803,4
4804,0
4805,2
4806,7
4807,9
4808,9
4809,8
4810,0
4811,1
4812,2
4813,8
4814,9
4815,8
4816,8
4817,4
4818,8
4819,2
4820,1
4821,9
4822,1
4823,9
4824,1
4825,8
4826,1
4827,1
4828,4
4829,4
4830,4
4831,4
4832,9
4833,4
4834,4
4835,4
4836,1
4837,9
4838,1
4839,0
4840,9
4841,8
4842,3
4843,7
4844,4
4845,6
4846,0
4847,4
4848,0
4849,2
4850,9
4851,3
4852,9
4853,0
4854,1
4855,9
4856,8
4857,7
4858,8
4859,2
4860,0
4861,1
4862,1
4863,4
4864,7
4865,4
4866,3
4867,3
4868,1
4869,8
4870,1
4871,4
4872,7
4873,9
4874,3
4875,4
4876,4
4877,4
4878,9
4879,8
4880,4
4881,8
4882,2
4883,8
4884,9
4885,6
4886,6
4887,4
4888,2
4889,9
4890,3
4891,9
4892,4
4893,4
4894,0
4895,2
4896,2
4897,9
4898,0
4899,7
4900,4
4901,4
4902,2
4903,2
4904,5
4905,2
4906,9
4907,7
4908,0
4909,5
4910,8
4911,8
4912,0
4913,4
4914,7
4915,4
4916,5
4917,1
4918,9
4919,1
4920,6
4921,9
4922,3
4923,1
4924,9
4925,0
4926,9
4927,4
4928,4
4929,7
4930,7
4931,1
4932,0
4933,9
4934,2
4935,4
4936,4
4937,0
4938,7
4939,4
4940,4
4941,8
4942,0
4943,5
4944,9
4945,1
4946,2
4947,1
4948,3
4949,2
4950,4
4951,9
4952,2
4953,4
4954,5
4955,7
4956,0
4957,5
4958,0
4959,4
4960,2
4961,3
4962,0
4963,4
4964,2
4965,0
4966,8
4967,8
4968,2
4969,8
4970,6
4971,3
4972,4
4973,3
4974,8
4975,0
4976,2
4977,4
4978,9
4979,4
4980,4
4981,0
4982,7
4983,0
4984,4
4985,8
4986,9
4987,2
4988,2
4989,2
4990,0
4991,0
4992,4
4993,7
4994,7
4995,3
4996,4
4997,9
4998,2
4999,4
5000,9
5001,1
5002,2
5003,4
5004,1
5005,9
5006,2
5007,9
5008,0
5009,9
5010,3
5011,0
5012,8
5013,3
5014,0
5015,6
5016,7
5017,6
5018,9
5019,9
5020,9
5021,7
5022,8
5023,0
5024,7
5025,4
5026,9
5027,8
5028,2
5029,3
5030,4
5031,4
5032,9
5033,8
5034,7
5035,0
5036,4
5037,7
5038,9
5039,2
5040,4
5041,8
5042,8
5043,6
5044,9
5045,0
5046,6
5047,8
5048,3
5049,4
5050,4
5051,2
5052,3
5053,9
5054,8
5055,7
5056,1
5057,5
5058,9
5059,4
5060,1
5061,1
5062,9
5063,7
5064,4
5065,7
5066,4
5067,1
5068,4
5069,5
5070,9
5071,6
5072,2
5073,6
5074,8
5075,7
5076,9
5077,8
5078,6
5079,8
5080,2
5081,4
5082,9
5083,4
5084,4
5085,8
5086,0
5087,6
5088,4
5089,1
5090,9
5091,0
5092,4
5093,7
5094,8
5095,2
5096,1
5097,4
5098,4
5099,9
5100,3
5101,9
5102,7
5103,9
5104,4
5105,1
5106,0
5107,2
5108,4
5109,9
5110,4
5111,1
5112,1
5113,7
5114,4
5115,8
5116,4
5117,2
5118,9
5119,8
5120,4
5121,2
5122,6
5123,1
5124,4
5125,9
5126,9
5127,4
5128,4
5129,6
5130,0
5131,3
5132,1
5133,3
5134,3
5135,7
5136,3
5137,7
5138,7
5139,9
5140,4
5141,3
5142,7
5143,2
5144,3
5145,9
5146,0
5147,1
5148,4
5149,1
5150,0
5151,4
5152,9
5153,2
5154,9
5155,1
5156,6
5157,6
5158,8
5159,4
5160,4
5161,4
5162,2
5163,4
5164,8
5165,7
5166,8
5167,9
5168,4
5169,2
5170,4
5171,8
5172,5
5173,6
5174,5
5175,3
5176,2
5177,4
5178,3
5179,9
5180,6
5181,0
5182,1
5183,4
5184,3
5185,3
5186,4
5187,3
5188,4
5189,5
5190,3
5191,9
5192,8
5193,5
5194,6
5195,8
5196,9
5197,7
5198,6
5199,8
5200,3
5201,7
5202,8
5203,1
5204,6
5205,5
5206,3
5207,9
5208,1
5209,4
5210,2
5211,9
5212,0
5213,8
5214,4
5215,8
5216,9
5217,7
5218,4
5219,5
5220,8
5221,2
5222,4
5223,4
5224,4
5225,8
5226,2
5227,4
5228,9
5229,8
5230,1
5231,8
5232,4
5233,0
5234,4
5235,4
5236,4
5237,4
5238,3
5239,7
5240,3
5241,1
5242,7
5243,7
5244,5
5245,7
5246,3
5247,8
5248,6
5249,0
5250,9
5251,0
5252,9
5253,8
5254,0
5255,4
5256,6
5257,8
5258,4
5259,4
5260,7
5261,4
5262,0
5263,4
5264,0
5265,8
5266,4
5267,4
5268,9
5269,2
5270,3
5271,8
5272,7
5273,5
5274,3
5275,0
5276,9
5277,9
5278,2
5279,8
5280,7
5281,9
5282,1
5283,9
5284,3
5285,4
5286,1
5287,2
5288,1
5289,1
5290,9
5291,8
5292,3
5293,8
5294,5
5295,9
5296,9
5297,1
5298,9
5299,1
5300,7
5301,9
5302,4
5303,4
5304,8
5305,7
5306,5
5307,4
5308,9
5309,8
5310,0
5311,9
5312,4
5313,8
5314,8
5315,4
5316,1
5317,2
5318,8
5319,2
5320,3
5321,9
5322,9
5323,2
5324,7
5325,1
5326,3
5327,2
5328,7
5329,1
5330,0
5331,8
5332,3
5333,3
5334,4
5335,8
5336,9
5337,9
5338,6
5339,0
5340,8
5341,8
5342,0
5343,4
5344,7
5345,4
5346,2
5347,1
5348,1
5349,2
5350,0
5351,3
5352,6
5353,1
5354,1
5355,8
5356,2
5357,1
5358,3
5359,4
5360,1
5361,7
5362,9
5363,1
5364,7
5365,3
5366,6
5367,2
5368,4
5369,8
5370,1
5371,7
5372,5
5373,1
5374,9
5375,3
5376,9
5377,9
5378,0
5379,0
5380,5
5381,8
5382,5
5383,7
5384,0
5385,0
5386,4
5387,4
5388,5
5389,4
5390,8
5391,2
5392,2
5393,8
5394,8
5395,4
5396,9
5397,4
5398,4
5399,9
5400,5
5401,7
5402,1
5403,8
5404,7
5405,9
5406,4
5407,1
5408,9
5409,5
5410,6
5411,1
5412,7
5413,9
5414,2
5415,8
5416,9
5417,4
5418,3
5419,4
5420,4
5421,8
5422,6
5423,3
5424,8
5425,4
5426,7
5427,4
5428,6
5429,4
5430,2
5431,8
5432,8
5433,9
5434,5
5435,1
5436,9
5437,8
5438,5
5439,6
5440,3
5441,7
5442,8
5443,6
5444,3
5445,7
5446,7
5447,1
5448,7
5449,5
5450,6
5451,8
5452,3
5453,2
5454,8
5455,9
5456,9
5457,1
5458,1
5459,8
5460,0
5461,7
5462,3
5463,9
5464,9
5465,7
5466,9
5467,1
5468,1
5469,3
5470,0
5471,5
5472,9
5473,9
5474,9
5475,4
5476,8
5477,9
5478,8
5479,1
5480,9
5481,4
5482,6
5483,7
5484,9
5485,6
5486,7
5487,1
5488,3
5489,8
5490,8
5491,2
5492,6
5493,5
5494,7
5495,3
5496,7
5497,8
5498,3
5499,2
5500,4
5501,4
5502,1
5503,2
5504,4
5505,3
5506,1
5507,4
5508,8
5509,4
5510,1
5511,9
5512,4
5513,4
5514,6
5515,1
5516,4
5517,1
5518,9
5519,7
5520,3
5521,9
5522,1
5523,8
5524,8
5525,3
5526,9
5527,9
5528,6
5529,4
5530,7
5531,9
5532,9
5533,2
5534,1
5535,4
5536,6
5537,4
5538,4
5539,4
5540,6
5541,7
5542,8
5543,9
5544,4
5545,3
5546,8
5547,7
5548,8
5549,0
5550,3
5551,4
5552,8
5553,3
5554,2
5555,4
5556,9
5557,9
5558,0
5559,4
5560,4
5561,0
5562,2
5563,5
5564,1
5565,9
5566,4
5567,9
5568,9
5569,3
5570,6
5571,9
5572,3
5573,2
5574,6
5575,7
5576,0
5577,9
5578,0
5579,7
5580,7
5581,7
5582,4
5583,4
5584,8
5585,3
5586,9
5587,8
5588,2
5589,9
5590,8
5591,9
5592,4
5593,8
5594,7
5595,8
5596,9
5597,0
5598,1
5599,9
5600,0
5601,4
5602,4
5603,9
5604,4
5605,2
5606,6
5607,9
5608,1
5609,3
5610,0
5611,8
5612,7
5613,8
5614,3
5615,7
5616,1
5617,7
5618,7
5619,1
5620,2
5621,5
5622,4
5623,9
5624,8
5625,4
5626,4
5627,6
5628,9
5629,6
5630,3
5631,4
5632,5
5633,4
5634,8
5635,9
5636,2
5637,3
5638,7
5639,4
5640,7
5641,3
5642,1
5643,0
5644,4
5645,4
5646,8
5647,9
5648,3
5649,4
5650,9
5651,9
5652,5
5653,7
5654,4
5655,8
5656,1
5657,8
5658,7
5659,8
5660,9
5661,1
5662,4
5663,6
5664,0
5665,4
5666,9
5667,4
5668,5
5669,5
5670,4
5671,1
5672,1
5673,1
5674,4
5675,4
5676,3
5677,4
5678,1
5679,9
5680,4
5681,4
5682,4
5683,7
5684,1
5685,1
5686,4
5687,2
5688,9
5689,8
5690,2
5691,1
5692,4
5693,0
5694,4
5695,1
5696,7
5697,3
5698,4
5699,7
5700,3
5701,0
5702,0
5703,3
5704,1
5705,9
5706,1
5707,9
5708,4
5709,4
5710,7
5711,5
5712,9
5713,6
5714,9
5715,4
5716,4
5717,8
5718,4
5719,1
5720,4
5721,1
5722,8
5723,5
5724,8
5725,9
5726,3
5727,2
5728,9
5729,9
5730,9
5731,8
5732,8
5733,4
5734,4
5735,4
5736,4
5737,2
5738,7
5739,4
5740,2
5741,4
5742,2
5743,9
5744,2
5745,2
5746,3
5747,0
5748,9
5749,7
5750,0
5751,0
5752,4
5753,0
5754,4
5755,8
5756,8
5757,9
5758,7
5759,7
5760,9
5761,9
5762,9
5763,6
5764,3
5765,7
5766,8
5767,2
5768,8
5769,8
5770,4
5771,1
5772,6
5773,7
5774,3
5775,0
5776,9
5777,4
5778,1
5779,4
5780,7
5781,9
5782,9
5783,9
5784,7
5785,2
5786,0
5787,2
5788,3
5789,6
5790,2
5791,2
5792,1
5793,4
5794,9
5795,4
5796,4
5797,7
5798,1
5799,1
5800,4
5801,4
5802,7
5803,9
5804,6
5805,1
5806,8
5807,9
5808,4
5809,8
5810,9
5811,9
5812,0
5813,4
5814,5
5815,4
5816,8
5817,4
5818,3
5819,9
5820,7
5821,4
5822,9
5823,4
5824,2
5825,5
5826,8
5827,0
5828,9
5829,9
5830,9
5831,4
5832,8
5833,1
5834,9
5835,1
5836,0
5837,4
5838,9
5839,4
5840,6
5841,2
5842,6
5843,2
5844,4
5845,9
5846,9
5847,6
5848,1
5849,7
5850,1
5851,2
5852,4
5853,4
5854,3
5855,7
5856,8
5857,7
5858,7
5859,7
5860,6
5861,4
5862,4
5863,4
5864,0
5865,2
5866,8
5867,1
5868,3
5869,1
5870,6
5871,9
5872,3
5873,7
5874,7
5875,1
5876,5
5877,2
5878,4
5879,4
5880,8
5881,8
5882,4
5883,0
5884,3
5885,1
5886,1
5887,1
5888,0
5889,9
5890,9
5891,6
5892,7
5893,9
5894,4
5895,9
5896,3
5897,1
5898,9
5899,1
5900,3
5901,1
5902,4
5903,4
5904,9
5905,9
5906,8
5907,8
5908,1
5909,6
5910,1
5911,4
5912,6
5913,0
5914,2
5915,7
5916,3
5917,9
5918,6
5919,7
5920,9
5921,4
5922,0
5923,9
5924,9
5925,3
5926,2
5927,0
5928,3
5929,0
5930,0
5931,0
5932,1
5933,1
5934,9
5935,3
5936,2
5937,8
5938,9
5939,3
5940,9
5941,9
5942,8
5943,6
5944,0
5945,0
5946,4
5947,4
5948,3
5949,3
5950,4
5951,0
5952,6
5953,9
5954,1
5955,3
5956,3
5957,9
5958,2
5959,2
5960,4
5961,4
5962,2
5963,1
5964,3
5965,3
5966,4
5967,9
5968,3
5969,9
5970,2
5971,1
5972,7
5973,1
5974,4
5975,7
5976,4
5977,2
5978,1
5979,9
5980,8
5981,4
5982,9
5983,9
5984,1
5985,2
5986,9
5987,1
5988,5
5989,5
5990,6
5991,0
5992,7
5993,2
5994,8
5995,9
5996,9
5997,1
5998,3
5999,7
6000,1
6001,9
6002,8
6003,4
6004,8
6005,4
6006,9
6007,0
6008,3
6009,4
6010,4
6011,0
6012,3
6013,3
6014,7
6015,7
6016,3
6017,4
6018,4
6019,7
6020,1
6021,3
6022,7
6023,8
6024,9
6025,4
6026,9
6027,1
6028,2
6029,8
6030,1
6031,8
6032,9
6033,8
6034,4
6035,6
6036,9
6037,4
6038,0
6039,0
6040,7
6041,9
6042,4
6043,1
6044,4
6045,4
6046,1
6047,4
6048,8
6049,8
6050,9
6051,6
6052,2
6053,9
6054,9
6055,0
6056,8
6057,7
6058,8
6059,6
6060,3
6061,2
6062,3
6063,0
6064,1
6065,8
6066,1
6067,9
6068,3
6069,7
6070,1
6071,8
6072,6
6073,7
6074,9
6075,3
6076,4
6077,6
6078,8
6079,6
6080,3
6081,7
6082,9
6083,4
6084,9
6085,9
6086,0
6087,6
6088,3
6089,4
6090,1
6091,9
6092,9
6093,3
6094,8
6095,0
6096,6
6097,8
6098,8
6099,1
6100,1
6101,4
6102,0
6103,7
6104,4
6105,0
6106,4
6107,3
6108,2
6109,7
6110,9
6111,4
6112,4
6113,9
6114,7
6115,4
6116,1
6117,1
6118,2
6119,7
6120,7
6121,4
6122,8
6123,3
6124,9
6125,7
6126,4
6127,8
6128,1
6129,3
6130,2
6131,3
6132,1
6133,6
6134,4
6135,4
6136,4
6137,7
6138,5
6139,8
6140,2
6141,1
6142,3
6143,0
6144,9
6145,0
6146,9
6147,9
6148,0
6149,9
6150,0
6151,8
6152,2
6153,5
6154,6
6155,1
6156,3
6157,9
6158,9
6159,3
6160,2
6161,8
6162,2
6163,9
6164,0
6165,5
6166,0
6167,1
6168,4
6169,7
6170,2
6171,1
6172,9
6173,0
6174,9
6175,3
6176,4
6177,1
6178,5
6179,9
6180,4
6181,4
6182,9
6183,2
6184,4
6185,7
6186,4
6187,9
6188,6
6189,3
6190,1
6191,4
6192,9
6193,0
6194,4
6195,2
6196,3
6197,8
6198,1
6199,7
6200,7
6201,9
6202,9
6203,3
6204,4
6205,8
6206,9
6207,8
6208,1
6209,2
6210,3
6211,1
6212,4
6213,2
6214,7
6215,0
6216,3
6217,9
6218,9
6219,7
6220,1
6221,9
6222,6
6223,4
6224,1
6225,9
6226,4
6227,1
6228,5
6229,9
6230,2
6231,9
6232,8
6233,6
6234,1
6235,9
6236,9
6237,4
6238,8
6239,4
6240,9
6241,3
6242,8
6243,2
6244,4
6245,9
6246,1
6247,3
6248,7
6249,4
6250,1
6251,8
6252,5
6253,4
6254,8
6255,7
6256,4
6257,4
6258,6
6259,4
6260,0
6261,4
6262,9
6263,4
6264,9
6265,4
6266,6
6267,8
6268,5
6269,2
6270,9
6271,7
6272,1
6273,0
6274,9
6275,8
6276,1
6277,7
6278,0
6279,5
6280,0
6281,8
6282,1
6283,4
6284,4
6285,5
6286,9
6287,4
6288,2
6289,4
6290,5
6291,1
6292,4
6293,7
6294,1
6295,4
6296,4
6297,4
6298,1
6299,5
6300,4
6301,6
6302,9
6303,2
6304,3
6305,9
6306,9
6307,0
6308,9
6309,8
6310,7
6311,8
6312,1
6313,3
6314,9
6315,9
6316,4
6317,1
6318,4
6319,8
6320,3
6321,2
6322,3
6323,8
6324,3
6325,4
6326,2
6327,7
6328,8
6329,8
6330,7
6331,9
6332,8
6333,8
6334,3
6335,0
6336,4
6337,9
6338,9
6339,8
6340,1
6341,1
6342,6
6343,4
6344,4
6345,5
6346,3
6347,9
6348,1
6349,7
6350,2
6351,1
6352,4
6353,2
6354,0
6355,9
6356,1
6357,3
6358,0
6359,4
6360,8
6361,9
6362,3
6363,0
6364,6
6365,7
6366,8
6367,8
6368,6
6369,3
6370,7
6371,0
6372,5
6373,3
6374,0
6375,5
6376,2
6377,8
6378,9
6379,7
6380,1
6381,5
6382,4
6383,5
6384,9
6385,4
6386,9
6387,6
6388,3
6389,1
6390,6
6391,4
6392,5
6393,2
6394,6
6395,0
6396,0
6397,3
6398,3
6399,2
6400,8
6401,0
6402,1
6403,7
6404,8
6405,0
6406,8
6407,8
6408,9
6409,9
6410,3
6411,3
6412,5
6413,9
6414,7
6415,4
6416,9
6417,9
6418,9
6419,4
6420,4
6421,1
6422,4
6423,8
6424,2
6425,8
6426,4
6427,8
6428,7
6429,4
6430,4
6431,0
6432,1
6433,9
6434,8
6435,4
6436,3
6437,3
6438,0
6439,7
6440,6
6441,3
6442,4
6443,4
6444,3
6445,3
6446,7
6447,3
6448,8
6449,6
6450,6
6451,6
6452,1
6453,2
6454,6
6455,4
6456,3
6457,9
6458,3
6459,7
6460,9
6461,3
6462,4
6463,9
6464,6
6465,9
6466,4
6467,9
6468,2
6469,3
6470,5
6471,8
6472,0
6473,1
6474,0
6475,4
6476,9
6477,4
6478,9
6479,8
6480,3
6481,8
6482,0
6483,1
6484,1
6485,9
6486,8
6487,5
6488,3
6489,3
6490,8
6491,4
6492,4
6493,4
6494,8
6495,9
6496,4
6497,1
6498,0
6499,0
6500,1
6501,2
6502,3
6503,3
6504,4
6505,0
6506,4
6507,7
6508,1
6509,6
6510,3
6511,9
6512,3
6513,4
6514,9
6515,6
6516,2
6517,9
6518,8
6519,9
6520,2
6521,8
6522,8
6523,9
6524,1
6525,6
6526,1
6527,0
6528,8
6529,7
6530,2
6531,8
6532,0
6533,8
6534,4
6535,8
6536,8
6537,4
6538,4
6539,7
6540,4
6541,9
6542,8
6543,8
6544,2
6545,7
6546,9
6547,9
6548,4
6549,3
6550,1
6551,7
6552,4
6553,9
6554,7
6555,1
6556,5
6557,8
6558,8
6559,1
6560,4
6561,6
6562,4
6563,9
6564,1
6565,3
6566,8
6567,3
6568,4
6569,1
6570,4
6571,3
6572,4
6573,3
6574,4
6575,3
6576,3
6577,4
6578,2
6579,0
6580,2
6581,9
6582,8
6583,9
6584,2
6585,7
6586,2
6587,1
6588,9
6589,7
6590,0
6591,8
6592,4
6593,9
6594,4
6595,9
6596,0
6597,1
6598,0
6599,0
6600,7
6601,0
6602,4
6603,8
6604,3
6605,3
6606,8
6607,4
6608,3
6609,4
6610,0
6611,4
6612,8
6613,1
6614,2
6615,6
6616,2
6617,2
6618,6
6619,2
6620,7
6621,8
6622,8
6623,3
6624,4
6625,8
6626,9
6627,0
6628,0
6629,4
6630,0
6631,7
6632,3
6633,9
6634,8
6635,2
6636,3
6637,4
6638,1
6639,4
6640,4
6641,7
6642,4
6643,3
6644,7
6645,1
6646,4
6647,4
6648,9
6649,1
6650,0
6651,9
6652,4
6653,4
6654,9
6655,2
6656,0
6657,2
6658,1
6659,4
6660,1
6661,4
6662,2
6663,4
6664,0
6665,7
6666,0
6667,9
6668,8
6669,0
6670,2
6671,7
6672,8
6673,0
6674,4
6675,2
6676,3
6677,4
6678,4
6679,9
6680,7
6681,4
6682,5
6683,1
6684,1
6685,2
6686,9
6687,2
6688,8
6689,8
6690,2
6691,7
6692,1
6693,9
6694,1
6695,1
6696,3
6697,0
6698,3
6699,1
6700,8
6701,9
6702,1
6703,5
6704,5
6705,3
6706,3
6707,7
6708,0
6709,4
6710,3
6711,9
6712,1
6713,0
6714,7
6715,4
6716,8
6717,4
6718,3
6719,1
6720,0
6721,7
6722,6
6723,4
6724,4
6725,9
6726,1
6727,4
6728,7
6729,9
6730,2
6731,4
6732,3
6733,0
6734,4
6735,1
6736,8
6737,7
6738,3
6739,9
6740,3
6741,6
6742,8
6743,7
6744,4
6745,7
6746,9
6747,1
6748,8
6749,3
6750,1
6751,9
6752,1
6753,4
6754,4
6755,4
6756,1
6757,6
6758,5
6759,4
6760,2
6761,5
6762,1
6763,4
6764,7
6765,1
6766,5
6767,1
6768,5
6769,2
6770,3
6771,3
6772,3
6773,9
6774,0
6775,4
6776,1
6777,9
6778,6
6779,2
6780,1
6781,5
6782,4
6783,7
6784,4
6785,3
6786,2
6787,9
6788,7
6789,2
6790,8
6791,7
6792,9
6793,1
6794,9
6795,2
6796,4
6797,8
6798,2
6799,3
6800,1
6801,7
6802,9
6803,2
6804,5
6805,8
6806,3
6807,1
6808,1
6809,9
6810,9
6811,0
6812,4
6813,9
6814,8
6815,9
6816,0
6817,4
6818,9
6819,8
6820,0
6821,4
6822,4
6823,4
6824,8
6825,4
6826,4
6827,0
6828,4
6829,7
6830,9
6831,4
6832,3
6833,9
6834,4
6835,4
6836,9
6837,4
6838,0
6839,9
6840,2
6841,8
6842,7
6843,9
6844,4
6845,7
6846,4
6847,6
6848,4
6849,9
6850,4
6851,2
6852,8
6853,2
6854,2
6855,4
6856,0
6857,8
6858,1
6859,9
6860,6
6861,0
6862,3
6863,9
6864,7
6865,8
6866,1
6867,5
6868,3
6869,1
6870,4
6871,4
6872,1
6873,2
6874,4
6875,5
6876,0
6877,8
6878,9
6879,8
6880,7
6881,4
6882,9
6883,9
6884,6
6885,4
6886,9
6887,3
6888,4
6889,4
6890,8
6891,7
6892,7
6893,0
6894,0
6895,4
6896,1
6897,6
6898,0
6899,6
6900,2
6901,4
6902,7
6903,7
6904,9
6905,1
6906,4
6907,5
6908,3
6909,9
6910,5
6911,4
6912,9
6913,0
6914,1
6915,9
6916,8
6917,7
6918,3
6919,4
6920,7
6921,3
6922,4
6923,9
6924,1
6925,4
6926,4
6927,9
6928,4
6929,8
6930,1
6931,0
6932,8
6933,2
6934,1
6935,8
6936,4
6937,5
6938,2
6939,2
6940,9
6941,8
6942,5
6943,4
6944,9
6945,3
6946,3
6947,4
6948,6
6949,4
6950,9
6951,2
6952,3
6953,9
6954,3
6955,9
6956,3
6957,4
6958,2
6959,6
6960,9
6961,5
6962,2
6963,4
6964,8
6965,7
6966,1
6967,3
6968,7
6969,8
6970,4
6971,4
6972,1
6973,7
6974,7
6975,6
6976,1
6977,3
6978,3
6979,4
6980,9
6981,4
6982,2
6983,5
6984,0
6985,7
6986,9
6987,2
6988,7
6989,7
6990,7
6991,6
6992,8
6993,5
6994,9
6995,3
6996,8
6997,9
6998,8
6999,9
7000,5
7001,6
7002,2
7003,3
7004,4
7005,7
7006,4
7007,4
7008,9
7009,1
7010,4
7011,1
7012,5
7013,8
7014,1
7015,9
7016,2
7017,2
7018,5
7019,0
7020,9
7021,4
7022,8
7023,1
7024,8
7025,1
7026,3
7027,2
7028,4
7029,4
7030,6
7031,7
7032,4
7033,6
7034,0
7035,4
7036,4
7037,2
7038,8
7039,8
7040,2
7041,9
7042,2
7043,8
7044,9
7045,9
7046,2
7047,9
7048,4
7049,3
7050,7
7051,0
7052,3
7053,6
7054,3
7055,0
7056,1
7057,2
7058,7
7059,2
7060,9
7061,4
7062,6
7063,9
7064,7
7065,6
7066,5
7067,1
7068,7
7069,5
7070,4
7071,4
7072,4
7073,8
7074,8
7075,9
7076,3
7077,1
7078,3
7079,0
7080,3
7081,4
7082,1
7083,3
7084,3
7085,8
7086,1
7087,3
7088,4
7089,3
7090,9
7091,5
7092,8
7093,1
7094,8
7095,2
7096,8
7097,9
7098,9
7099,5
7100,6
7101,4
7102,2
7103,3
7104,1
7105,3
7106,4
7107,4
7108,1
7109,8
7110,0
7111,4
7112,9
7113,9
7114,1
7115,0
7116,0
7117,6
7118,7
7119,9
7120,8
7121,4
7122,1
7123,4
7124,7
7125,0
7126,0
7127,3
7128,2
7129,9
7130,9
7131,1
7132,2
7133,3
7134,7
7135,9
7136,9
7137,2
7138,4
7139,9
7140,4
7141,0
7142,8
7143,9
7144,9
7145,8
7146,4
7147,7
7148,4
7149,9
7150,9
7151,5
7152,0
7153,0
7154,3
7155,3
7156,0
7157,2
7158,7
7159,1
7160,3
7161,1
7162,2
7163,8
7164,5
7165,0
7166,2
7167,2
7168,9
7169,4
7170,0
7171,9
7172,0
7173,4
7174,9
7175,0
7176,5
7177,6
7178,0
7179,1
7180,3
7181,4
7182,1
7183,8
7184,4
7185,5
7186,7
7187,8
7188,7
7189,4
7190,3
7191,2
7192,8
7193,2
7194,4
7195,1
7196,3
7197,4
7198,9
7199,8
7200,8
7201,0
7202,0
7203,4
7204,0
7205,6
7206,0
7207,1
7208,2
7209,3
7210,8
7211,4
7212,7
7213,0
7214,9
7215,9
7216,7
7217,3
7218,4
7219,9
7220,6
7221,9
7222,7
7223,4
7224,3
7225,1
7226,1
7227,7
7228,9
7229,3
7230,7
7231,9
7232,8
7233,5
7234,7
7235,9
7236,1
7237,9
7238,7
7239,9
7240,9
7241,4
7242,3
7243,1
7244,1
7245,7
7246,8
7247,9
7248,0
7249,9
7250,6
7251,4
7252,4
7253,0
7254,1
7255,9
7256,0
7257,7
7258,9
7259,1
7260,5
7261,9
7262,1
7263,1
7264,2
7265,3
7266,0
7267,1
7268,3
7269,9
7270,9
7271,7
7272,3
7273,9
7274,2
7275,6
7276,9
7277,7
7278,9
7279,9
7280,6
7281,6
7282,2
7283,4
7284,8
7285,0
7286,9
7287,8
7288,3
7289,3
7290,0
7291,7
7292,0
7293,8
7294,5
7295,3
7296,0
7297,6
7298,0
7299,9
7300,5
7301,9
7302,3
7303,4
7304,5
7305,1
7306,4
7307,0
7308,9
7309,1
7310,8
7311,4
7312,4
7313,9
7314,5
7315,0
7316,4
7317,1
7318,7
7319,3
7320,5
7321,0
7322,7
7323,1
7324,9
7325,4
7326,4
7327,4
7328,1
7329,2
7330,4
7331,5
7332,3
7333,7
7334,1
7335,3
7336,4
7337,8
7338,4
7339,6
7340,2
7341,9
7342,8
7343,3
7344,1
7345,3
7346,5
7347,7
7348,3
7349,9
7350,3
7351,6
7352,4
7353,9
7354,3
7355,1
7356,9
7357,1
7358,5
7359,9
7360,2
7361,3
7362,4
7363,7
7364,5
7365,2
7366,1
7367,4
7368,1
7369,9
7370,9
7371,1
7372,2
7373,4
7374,0
7375,9
7376,8
7377,8
7378,4
7379,6
7380,3
7381,9
7382,4
7383,4
7384,9
7385,0
7386,3
7387,8
7388,9
7389,8
7390,4
7391,3
7392,3
7393,9
7394,4
7395,1
7396,1
7397,1
7398,5
7399,2
7400,6
7401,0
7402,7
7403,7
7404,0
7405,0
7406,9
7407,2
7408,9
7409,7
7410,1
7411,5
7412,1
7413,5
7414,7
7415,0
7416,1
7417,9
7418,8
7419,4
7420,1
7421,4
7422,1
7423,7
7424,8
7425,1
7426,9
7427,9
7428,2
7429,7
7430,7
7431,2
7432,9
7433,2
7434,8
7435,7
7436,4
7437,4
7438,6
7439,7
7440,1
7441,3
7442,2
7443,2
7444,5
7445,3
7446,1
7447,3
7448,1
7449,9
7450,8
7451,9
7452,0
7453,0
7454,6
7455,1
7456,6
7457,8
7458,8
7459,4
7460,7
7461,6
7462,9
7463,0
7464,4
7465,8
7466,8
7467,8
7468,1
7469,5
7470,4
7471,3
7472,2
7473,9
7474,2
7475,9
7476,4
7477,4
7478,7
7479,0
7480,8
7481,6
7482,0
7483,3
7484,4
7485,0
7486,9
7487,2
7488,4
7489,0
7490,4
7491,9
7492,4
7493,1
7494,9
7495,3
7496,8
7497,9
7498,3
7499,4
7500,8
7501,7
7502,7
7503,9
7504,0
7505,0
7506,1
7507,7
7508,9
7509,9
7510,4
7511,1
7512,4
7513,9
7514,9
7515,1
7516,5
7517,2
7518,2
7519,8
7520,8
7521,4
7522,6
7523,0
7524,1
7525,3
7526,7
7527,4
7528,9
7529,4
7530,9
7531,2
7532,4
7533,7
7534,4
7535,7
7536,8
7537,4
7538,4
7539,7
7540,6
7541,3
7542,2
7543,9
7544,4
7545,2
7546,4
7547,4
7548,3
7549,1
7550,7
7551,4
7552,4
7553,9
7554,6
7555,4
7556,9
7557,4
7558,0
7559,2
7560,9
7561,8
7562,7
7563,1
7564,8
7565,7
7566,4
7567,8
7568,4
7569,2
7570,7
7571,3
7572,3
7573,3
7574,8
7575,1
7576,9
7577,3
7578,4
7579,0
7580,4
7581,4
7582,9
7583,8
7584,3
7585,8
7586,8
7587,2
7588,8
7589,6
7590,8
7591,2
7592,4
7593,4
7594,8
7595,3
7596,0
7597,8
7598,4
7599,4
7600,4
7601,2
7602,4
7603,5
7604,4
7605,1
7606,9
7607,8
7608,6
7609,3
7610,9
7611,8
7612,1
7613,4
7614,1
7615,0
7616,6
7617,0
7618,4
7619,1
7620,4
7621,5
7622,1
7623,4
7624,6
7625,3
7626,4
7627,7
7628,3
7629,4
7630,4
7631,4
7632,1
7633,9
7634,9
7635,9
7636,1
7637,1
7638,3
7639,3
7640,7
7641,9
7642,9
7643,7
7644,7
7645,9
7646,0
7647,0
7648,4
7649,2
7650,8
7651,1
7652,9
7653,1
7654,0
7655,6
7656,1
7657,4
7658,3
7659,4
7660,4
7661,5
7662,9
7663,4
7664,9
7665,8
7666,3
7667,1
7668,5
7669,4
7670,2
7671,5
7672,8
7673,9
7674,4
7675,4
7676,4
7677,9
7678,7
7679,7
7680,9
7681,3
7682,3
7683,4
7684,7
7685,1
7686,9
7687,8
7688,8
7689,7
7690,7
7691,1
7692,5
7693,2
7694,1
7695,0
7696,3
7697,8
7698,4
7699,1
7700,8
7701,4
7702,0
7703,3
7704,1
7705,4
7706,7
7707,4
7708,4
7709,8
7710,3
7711,9
7712,3
7713,0
7714,3
7715,1
7716,3
7717,7
7718,9
7719,9
7720,1
7721,2
7722,4
7723,4
7724,8
7725,1
7726,7
7727,6
7728,0
7729,4
7730,1
7731,9
7732,2
7733,4
7734,2
7735,4
7736,9
7737,9
7738,4
7739,9
7740,3
7741,3
7742,7
7743,1
7744,5
7745,5
7746,0
7747,8
7748,2
7749,1
7750,2
7751,2
7752,1
7753,9
7754,4
7755,2
7756,8
7757,9
7758,9
7759,4
7760,0
7761,7
7762,0
7763,3
7764,8
7765,4
7766,4
7767,8
7768,8
7769,4
7770,3
7771,4
7772,0
7773,1
7774,4
7775,3
7776,5
7777,8
7778,3
7779,4
7780,4
7781,2
7782,4
7783,8
7784,6
7785,9
7786,9
7787,2
7788,6
7789,8
7790,2
7791,4
7792,9
7793,4
7794,3
7795,6
7796,9
7797,0
7798,0
7799,6
7800,9
7801,2
7802,6
7803,9
7804,4
7805,7
7806,4
7807,6
7808,0
7809,3
7810,4
7811,9
7812,2
7813,5
7814,7
7815,8
7816,4
7817,1
7818,6
7819,9
7820,4
7821,2
7822,5
7823,9
7824,4
7825,3
7826,2
7827,3
7828,2
7829,9
7830,4
7831,9
7832,7
7833,3
7834,2
7835,7
7836,8
7837,0
7838,4
7839,0
7840,4
7841,1
7842,2
7843,9
7844,4
7845,5
7846,1
7847,4
7848,4
7849,3
7850,4
7851,3
7852,9
7853,0
7854,8
7855,3
7856,1
7857,8
7858,9
7859,4
7860,0
7861,3
7862,4
7863,2
7864,4
7865,9
7866,7
7867,4
7868,1
7869,6
7870,0
7871,4
7872,9
7873,4
7874,9
7875,7
7876,9
7877,3
7878,8
7879,7
7880,7
7881,9
7882,9
7883,1
7884,9
7885,9
7886,8
7887,4
7888,6
7889,1
7890,3
7891,0
7892,4
7893,8
7894,1
7895,4
7896,1
7897,4
7898,7
7899,1
7900,9
7901,9
7902,0
7903,0
7904,5
7905,1
7906,0
7907,3
7908,0
7909,2
7910,9
7911,4
7912,4
7913,9
7914,1
7915,1
7916,3
7917,1
7918,9
7919,7
7920,9
7921,7
7922,2
7923,4
7924,2
7925,9
7926,0
7927,7
7928,4
7929,0
7930,8
7931,9
7932,7
7933,3
7934,1
7935,4
7936,0
7937,4
7938,1
7939,8
7940,1
7941,3
7942,4
7943,9
7944,7
7945,4
7946,3
7947,4
7948,1
7949,0
7950,4
7951,1
7952,1
7953,4
7954,5
7955,9
7956,1
7957,9
7958,5
7959,3
7960,4
7961,2
7962,2
7963,3
7964,4
7965,7
7966,3
7967,9
7968,5
7969,8
7970,1
7971,8
7972,9
7973,4
7974,4
7975,2
7976,5
7977,1
7978,2
7979,6
7980,3
7981,3
7982,0
7983,4
7984,8
7985,0
7986,9
7987,4
7988,9
7989,8
7990,8
7991,9
7992,9
7993,8
7994,0
7995,3
7996,7
7997,7
7998,9
7999,5
8000,0
8001,7
8002,7
8003,7
8004,7
8005,9
8006,4
8007,7
8008,0
8009,0
8010,9
8011,5
8012,9
8013,3
8014,5
8015,7
8016,7
8017,6
8018,7
8019,8
8020,6
8021,4
8022,3
8023,4
8024,1
8025,7
8026,7
8027,9
8028,4
8029,5
8030,9
8031,0
8032,4
8033,4
8034,1
8035,4
8036,4
8037,1
8038,9
8039,9
8040,9
8041,4
8042,1
8043,9
8044,4
8045,1
8046,4
8047,3
8048,4
8049,4
8050,3
8051,7
8052,3
8053,9
8054,9
8055,0
8056,8
8057,3
8058,9
8059,0
8060,4
8061,1
8062,2
8063,7
8064,8
8065,8
8066,3
8067,1
8068,9
8069,8
8070,2
8071,9
8072,4
8073,3
8074,1
8075,8
8076,4
8077,7
8078,1
8079,7
8080,5
8081,1
8082,9
8083,9
8084,8
8085,8
8086,8
8087,7
8088,9
8089,3
8090,4
8091,9
8092,6
8093,4
8094,3
8095,4
8096,6
8097,8
8098,3
8099,8
8100,3
8101,1
8102,9
8103,8
8104,9
8105,3
8106,3
8107,0
8108,4
8109,2
8110,4
8111,5
8112,6
8113,3
8114,8
8115,8
8116,0
8117,1
8118,7
8119,8
8120,4
8121,3
8122,4
8123,9
8124,9
8125,8
8126,9
8127,1
8128,4
8129,3
8130,2
8131,5
8132,9
8133,9
8134,0
8135,9
8136,4
8137,4
8138,7
8139,2
8140,0
8141,8
8142,8
8143,2
8144,1
8145,8
8146,6
8147,9
8148,6
8149,9
8150,4
8151,3
8152,3
8153,2
8154,6
8155,7
8156,5
8157,6
8158,1
8159,7
8160,5
8161,9
8162,9
8163,0
8164,8
8165,4
8166,0
8167,9
8168,7
8169,9
8170,8
8171,9
8172,9
8173,9
8174,1
8175,4
8176,1
8177,2
8178,0
8179,9
8180,4
8181,4
8182,8
8183,2
8184,5
8185,0
8186,6
8187,6
8188,3
8189,4
8190,9
8191,6
8192,1
8193,0
8194,4
8195,7
8196,2
8197,9
8198,9
8199,1
8200,9
8201,6
8202,9
8203,4
8204,1
8205,9
8206,3
8207,1
8208,7
8209,4
8210,0
8211,7
8212,4
8213,5
8214,4
8215,8
8216,6
8217,3
8218,6
8219,7
8220,0
8221,3
8222,8
8223,5
8224,7
8225,7
8226,5
8227,0
8228,8
8229,8
8230,2
8231,7
8232,0
8233,0
8234,5
8235,2
8236,2
8237,7
8238,0
8239,1
8240,6
8241,2
8242,4
8243,6
8244,4
8245,3
8246,8
8247,4
8248,4
8249,8
8250,4
8251,8
8252,4
8253,0
8254,6
8255,8
8256,9
8257,4
8258,1
8259,8
8260,6
8261,7
8262,9
8263,8
8264,3
8265,1
8266,9
8267,1
8268,8
8269,9
8270,0
8271,0
8272,8
8273,9
8274,9
8275,1
8276,0
8277,1
8278,4
8279,1
8280,4
8281,3
8282,9
8283,2
8284,7
8285,5
8286,9
8287,0
8288,7
8289,5
8290,8
8291,4
8292,2
8293,2
8294,2
8295,9
8296,0
8297,9
8298,8
8299,2
8300,9
8301,0
8302,6
8303,3
8304,7
8305,0
8306,8
8307,8
8308,9
8309,0
8310,8
8311,9
8312,4
8313,3
8314,9
8315,1
8316,3
8317,4
8318,7
8319,9
8320,8
8321,4
8322,2
8323,4
8324,9
8325,4
8326,8
8327,0
8328,8
8329,0
8330,2
8331,1
8332,7
8333,0
8334,9
8335,4
8336,4
8337,4
8338,7
8339,1
8340,0
8341,1
8342,7
8343,1
8344,4
8345,6
8346,8
8347,1
8348,1
8349,2
8350,8
8351,9
8352,9
8353,1
8354,6
8355,4
8356,4
8357,1
8358,0
8359,0
8360,4
8361,4
8362,2
8363,9
8364,3
8365,6
8366,4
8367,8
8368,0
8369,7
8370,9
8371,4
8372,4
8373,4
8374,7
8375,9
8376,2
8377,6
8378,9
8379,6
8380,3
8381,7
8382,9
8383,7
8384,1
8385,8
8386,2
8387,3
8388,7
8389,8
8390,7
8391,7
8392,8
8393,2
8394,5
8395,9
8396,2
8397,4
8398,5
8399,4
8400,1
8401,7
8402,5
8403,9
8404,1
8405,8
8406,5
8407,2
8408,8
8409,4
8410,4
8411,2
8412,9
8413,9
8414,1
8415,1
8416,9
8417,3
8418,2
8419,9
8420,5
8421,4
8422,2
8423,1
8424,9
8425,9
8426,0
8427,2
8428,8
8429,6
8430,6
8431,9
8432,2
8433,0
8434,8
8435,4
8436,5
8437,9
8438,8
8439,7
8440,9
8441,8
8442,0
8443,9
8444,9
8445,8
8446,1
8447,8
8448,4
8449,7
8450,3
8451,4
8452,5
8453,4
8454,8
8455,3
8456,9
8457,1
8458,3
8459,9
8460,4
8461,0
8462,7
8463,9
8464,7
8465,4
8466,7
8467,1
8468,2
8469,2
8470,4
8471,7
8472,5
8473,3
8474,0
8475,6
8476,5
8477,2
8478,0
8479,5
8480,4
8481,7
8482,4
8483,2
8484,3
8485,9
8486,2
8487,5
8488,6
8489,9
8490,0
8491,4
8492,8
8493,3
8494,9
8495,9
8496,4
8497,3
8498,2
8499,9
8500,4
8501,1
8502,4
8503,0
8504,1
8505,9
8506,2
8507,3
8508,2
8509,8
8510,1
8511,9
8512,2
8513,1
8514,2
8515,9
8516,7
8517,6
8518,3
8519,3
8520,8
8521,3
8522,2
8523,9
8524,9
8525,8
8526,4
8527,9
8528,3
8529,6
8530,1
8531,1
8532,3
8533,9
8534,4
8535,9
8536,8
8537,1
8538,9
8539,9
8540,5
8541,8
8542,6
8543,4
8544,0
8545,8
8546,0
8547,5
8548,4
8549,1
8550,1
8551,7
8552,8
8553,3
8554,8
8555,9
8556,4
8557,4
8558,4
8559,9
8560,4
8561,9
8562,2
8563,2
8564,8
8565,1
8566,9
8567,0
8568,1
8569,9
8570,0
8571,0
8572,0
8573,9
8574,1
8575,9
8576,4
8577,4
8578,5
8579,8
8580,6
8581,4
8582,8
8583,4
8584,8
8585,4
8586,3
8587,6
8588,3
8589,8
8590,3
8591,4
8592,8
8593,8
8594,7
8595,5
8596,8
8597,0
8598,4
8599,8
8600,9
8601,9
8602,0
8603,8
8604,7
8605,9
8606,4
8607,1
8608,9
8609,7
8610,9
8611,5
8612,0
8613,4
8614,4
8615,4
8616,1
8617,9
8618,5
8619,7
8620,0
8621,1
8622,4
8623,8
8624,4
8625,5
8626,1
8627,8
8628,9
8629,7
8630,8
8631,5
8632,8
8633,8
8634,6
8635,2
8636,4
8637,8
8638,2
8639,9
8640,9
8641,0
8642,6
8643,1
8644,3
8645,4
8646,3
8647,4
8648,4
8649,2
8650,5
8651,4
8652,4
8653,1
8654,8
8655,1
8656,5
8657,9
8658,4
8659,8
8660,0
8661,7
8662,3
8663,6
8664,0
8665,3
8666,6
8667,9
8668,4
8669,8
8670,1
8671,1
8672,0
8673,1
8674,4
8675,2
8676,8
8677,9
8678,0
8679,5
8680,9
8681,6
8682,4
8683,8
8684,7
8685,1
8686,4
8687,9
8688,8
8689,8
8690,7
8691,4
8692,4
8693,0
8694,2
8695,4
8696,4
8697,4
8698,3
8699,8
8700,4
8701,5
8702,4
8703,6
8704,8
8705,0
8706,1
8707,9
8708,7
8709,8
8710,2
8711,5
8712,6
8713,9
8714,1
8715,8
8716,4
8717,2
8718,0
8719,9
8720,3
8721,3
8722,3
8723,9
8724,3
8725,5
8726,7
8727,2
8728,1
8729,1
8730,9
8731,1
8732,5
8733,9
8734,5
8735,2
8736,1
8737,3
8738,3
8739,7
8740,1
8741,3
8742,8
8743,3
8744,8
8745,7
8746,4
8747,5
8748,1
8749,2
8750,7
8751,9
8752,6
8753,2
8754,6
8755,8
8756,1
8757,1
8758,4
8759,7
8760,2
8761,4
8762,2
8763,3
8764,9
8765,7
8766,3
8767,0
8768,9
8769,7
8770,4
8771,0
8772,2
8773,1
8774,4
8775,9
8776,8
8777,3
8778,8
8779,5
8780,9
8781,2
8782,0
8783,0
8784,2
8785,9
8786,4
8787,4
8788,9
8789,1
8790,8
8791,7
8792,0
8793,1
8794,8
8795,6
8796,4
8797,1
8798,7
8799,4
8800,9
8801,9
8802,4
8803,1
8804,1
8805,4
8806,4
8807,4
8808,5
8809,4
8810,4
8811,5
8812,8
8813,8
8814,0
8815,8
8816,0
8817,8
8818,4
8819,4
8820,3
8821,1
8822,9
8823,2
8824,0
8825,6
8826,1
8827,0
8828,0
8829,3
8830,7
8831,9
8832,4
8833,6
8834,6
8835,4
8836,6
8837,5
8838,0
8839,4
8840,7
8841,4
8842,0
8843,0
8844,9
8845,5
8846,3
8847,4
8848,0
8849,4
8850,9
8851,1
8852,4
8853,8
8854,3
8855,3
8856,8
8857,7
8858,8
8859,4
8860,3
8861,3
8862,4
8863,1
8864,0
8865,1
8866,9
8867,2
8868,5
8869,9
8870,4
8871,7
8872,4
8873,1
8874,0
8875,3
8876,4
8877,0
8878,4
8879,7
8880,4
8881,0
8882,3
8883,3
8884,8
8885,6
8886,9
8887,8
8888,2
8889,1
8890,4
8891,8
8892,9
8893,8
8894,4
8895,9
8896,2
8897,5
8898,7
8899,0
8900,3
8901,3
8902,0
8903,4
8904,5
8905,0
8906,1
8907,3
8908,6
8909,7
8910,3
8911,7
8912,9
8913,8
8914,3
8915,0
8916,1
8917,9
8918,4
8919,0
8920,9
8921,7
8922,4
8923,0
8924,2
8925,1
8926,4
8927,6
8928,3
8929,9
8930,5
8931,2
8932,9
8933,7
8934,3
8935,9
8936,9
8937,2
8938,5
8939,4
8940,5
8941,2
8942,4
8943,7
8944,6
8945,7
8946,2
8947,1
8948,9
8949,1
8950,9
8951,4
8952,8
8953,8
8954,9
8955,1
8956,5
8957,4
8958,6
8959,2
8960,8
8961,4
8962,9
8963,4
8964,9
8965,1
8966,4
8967,2
8968,2
8969,1
8970,3
8971,3
8972,4
8973,0
8974,5
8975,4
8976,9
8977,1
8978,8
8979,9
8980,0
8981,2
8982,4
8983,8
8984,3
8985,9
8986,4
8987,3
8988,8
8989,6
8990,2
8991,5
8992,8
8993,8
8994,1
8995,7
8996,2
8997,9
8998,1
8999,9
9000,1
9001,9
9002,4
9003,5
9004,1
9005,4
9006,4
9007,9
9008,0
9009,1
9010,2
9011,8
9012,7
9013,3
9014,1
9015,4
9016,0
9017,8
9018,9
9019,1
9020,9
9021,0
9022,1
9023,2
9024,1
9025,4
9026,4
9027,7
9028,8
9029,8
9030,9
9031,0
9032,1
9033,8
9034,9
9035,4
9036,9
9037,9
9038,4
9039,4
9040,4
9041,9
9042,7
9043,7
9044,9
9045,9
9046,7
9047,7
9048,1
9049,9
9050,0
9051,7
9052,4
9053,1
9054,5
9055,5
9056,8
9057,5
9058,9
9059,5
9060,2
9061,9
9062,9
9063,7
9064,1
9065,5
9066,9
9067,4
9068,8
9069,9
9070,4
9071,1
9072,2
9073,0
9074,2
9075,9
9076,4
9077,2
9078,1
9079,2
9080,8
9081,8
9082,1
9083,9
9084,9
9085,4
9086,1
9087,4
9088,2
9089,6
9090,8
9091,2
9092,3
9093,7
9094,9
9095,0
9096,5
9097,1
9098,5
9099,1
9100,9
9101,2
9102,4
9103,1
9104,3
9105,9
9106,6
9107,2
9108,4
9109,4
9110,4
9111,3
9112,1
9113,9
9114,9
9115,4
9116,4
9117,4
9118,2
9119,9
9120,1
9121,1
9122,2
9123,9
9124,4
9125,2
9126,8
9127,7
9128,2
9129,2
9130,6
9131,0
9132,9
9133,9
9134,8
9135,0
9136,4
9137,2
9138,5
9139,8
9140,4
9141,0
9142,8
9143,1
9144,6
9145,9
9146,2
9147,1
9148,4
9149,3
9150,6
9151,7
9152,2
9153,8
9154,2
9155,4
9156,1
9157,1
9158,1
9159,7
9160,9
9161,1
9162,4
9163,9
9164,9
9165,0
9166,9
9167,8
9168,7
9169,6
9170,4
9171,4
9172,1
9173,1
9174,1
9175,8
9176,1
9177,4
9178,8
9179,9
9180,9
9181,2
9182,9
9183,8
9184,2
9185,1
9186,8
9187,2
9188,0
9189,6
9190,8
9191,3
9192,8
9193,5
9194,9
9195,8
9196,7
9197,8
9198,1
9199,8
9200,6
9201,8
9202,1
9203,8
9204,4
9205,3
9206,4
9207,8
9208,3
9209,2
9210,1
9211,8
9212,2
9213,7
9214,4
9215,7
9216,8
9217,6
9218,8
9219,8
9220,4
9221,3
9222,4
9223,2
9224,1
9225,4
9226,1
9227,9
9228,3
9229,4
9230,2
9231,9
9232,2
9233,9
9234,4
9235,7
9236,9
9237,2
9238,2
9239,4
9240,2
9241,0
9242,2
9243,7
9244,6
9245,1
9246,4
9247,7
9248,5
9249,8
9250,8
9251,4
9252,3
9253,1
9254,4
9255,8
9256,9
9257,0
9258,3
9259,5
9260,0
9261,3
9262,1
9263,9
9264,5
9265,5
9266,4
9267,7
9268,9
9269,9
9270,4
9271,9
9272,2
9273,2
9274,3
9275,6
9276,2
9277,1
9278,9
9279,8
9280,1
9281,9
9282,4
9283,3
9284,2
9285,2
9286,5
9287,9
9288,3
9289,4
9290,5
9291,9
9292,2
9293,7
9294,1
9295,9
9296,0
9297,4
9298,3
9299,8
9300,0
9301,9
9302,1
9303,4
9304,8
9305,6
9306,8
9307,1
9308,1
9309,7
9310,5
9311,9
9312,8
9313,2
9314,3
9315,1
9316,4
9317,9
9318,7
9319,2
9320,4
9321,8
9322,2
9323,5
9324,1
9325,1
9326,1
9327,2
9328,1
9329,0
9330,2
9331,3
9332,7
9333,1
9334,9
9335,7
9336,4
9337,7
9338,4
9339,0
9340,2
9341,4
9342,3
9343,6
9344,9
9345,9
9346,7
9347,7
9348,1
9349,0
9350,4
9351,0
9352,2
9353,9
9354,0
9355,8
9356,3
9357,7
9358,5
9359,7
9360,6
9361,0
9362,9
9363,7
9364,6
9365,9
9366,4
9367,8
9368,9
9369,4
9370,3
9371,1
9372,9
9373,8
9374,4
9375,1
9376,9
9377,8
9378,8
9379,4
9380,9
9381,2
9382,8
9383,6
9384,1
9385,4
9386,9
9387,2
9388,8
9389,4
9390,3
9391,4
9392,2
9393,8
9394,4
9395,2
9396,1
9397,4
9398,3
9399,7
9400,8
9401,9
9402,9
9403,7
9404,1
9405,7
9406,9
9407,2
9408,4
9409,1
9410,4
9411,2
9412,8
9413,2
9414,9
9415,7
9416,9
9417,0
9418,7
9419,8
9420,0
9421,4
9422,7
9423,0
9424,7
9425,2
9426,6
9427,1
9428,4
9429,4
9430,1
9431,9
9432,1
9433,4
9434,0
9435,0
9436,5
9437,1
9438,1
9439,4
9440,8
9441,9
9442,4
9443,4
9444,1
9445,2
9446,4
9447,4
9448,9
9449,9
9450,9
9451,7
9452,0
9453,5
9454,7
9455,0
9456,0
9457,4
9458,8
9459,3
9460,4
9461,0
9462,1
9463,1
9464,0
9465,4
9466,5
9467,2
9468,4
9469,9
9470,9
9471,8
9472,8
9473,0
9474,9
9475,8
9476,8
9477,8
9478,9
9479,1
9480,1
9481,2
9482,7
9483,3
9484,6
9485,0
9486,4
9487,5
9488,4
9489,4
9490,1
9491,4
9492,6
9493,2
9494,7
9495,9
9496,2
9497,0
9498,0
9499,2
9500,1
9501,7
9502,9
9503,8
9504,4
9505,6
9506,4
9507,0
9508,4
9509,0
9510,1
9511,4
9512,9
9513,9
9514,0
9515,9
9516,2
9517,9
9518,1
9519,6
9520,8
9521,2
9522,4
9523,9
9524,7
9525,0
9526,9
9527,9
9528,3
9529,1
9530,0
9531,9
9532,8
9533,7
9534,8
9535,1
9536,1
9537,9
9538,5
9539,5
9540,7
9541,7
9542,9
9543,8
9544,8
9545,2
9546,4
9547,9
9548,4
9549,7
9550,3
9551,6
9552,7
9553,9
9554,3
9555,8
9556,4
9557,3
9558,0
9559,4
9560,8
9561,6
9562,0
9563,8
9564,2
9565,9
9566,7
9567,4
9568,8
9569,1
9570,4
9571,2
9572,4
9573,3
9574,8
9575,2
9576,8
9577,5
9578,2
9579,4
9580,9
9581,1
9582,7
9583,5
9584,9
9585,4
9586,7
9587,9
9588,1
9589,4
9590,1
9591,4
9592,0
9593,2
9594,4
9595,4
9596,8
9597,7
9598,4
9599,7
9600,1
9601,4
9602,9
9603,3
9604,2
9605,9
9606,3
9607,8
9608,7
9609,9
9610,8
9611,8
9612,1
9613,5
9614,7
9615,4
9616,3
9617,4
9618,7
9619,9
9620,6
9621,6
9622,4
9623,3
9624,3
9625,9
9626,2
9627,4
9628,7
9629,1
9630,4
9631,4
9632,8
9633,1
9634,2
9635,9
9636,0
9637,9
9638,0
9639,2
9640,2
9641,4
9642,1
9643,0
9644,9
9645,7
9646,7
9647,9
9648,8
9649,3
9650,8
9651,4
9652,3
9653,9
9654,1
9655,0
9656,1
9657,7
9658,2
9659,1
9660,9
9661,4
9662,4
9663,8
9664,4
9665,8
9666,7
9667,7
9668,0
9669,0
9670,0
9671,8
9672,4
9673,2
9674,2
9675,4
9676,9
9677,7
9678,8
9679,4
9680,8
9681,4
9682,2
9683,1
9684,7
9685,4
9686,0
9687,8
9688,7
9689,9
9690,4
9691,0
9692,3
9693,8
9694,3
9695,7
9696,1
9697,6
9698,2
9699,8
9700,3
9701,0
9702,1
9703,2
9704,9
9705,7
9706,7
9707,7
9708,8
9709,1
9710,9
9711,9
9712,4
9713,4
9714,8
9715,9
9716,6
9717,9
9718,3
9719,4
9720,3
9721,3
9722,2
9723,9
9724,0
9725,4
9726,3
9727,0
9728,4
9729,8
9730,8
9731,3
9732,9
9733,4
9734,3
9735,0
9736,0
9737,0
9738,0
9739,5
9740,0
9741,4
9742,7
9743,1
9744,2
9745,0
9746,2
9747,8
9748,7
9749,7
9750,4
9751,0
9752,9
9753,9
9754,0
9755,7
9756,1
9757,4
9758,9
9759,4
9760,0
9761,4
9762,8
9763,9
9764,6
9765,3
9766,0
9767,1
9768,5
9769,4
9770,0
9771,5
9772,0
9773,0
9774,1
9775,1
9776,6
9777,4
9778,6
9779,3
9780,3
9781,0
9782,5
9783,7
9784,4
9785,4
9786,0
9787,2
9788,3
9789,0
9790,0
9791,1
9792,2
9793,4
9794,4
9795,4
9796,2
9797,4
9798,8
9799,9
9800,2
9801,5
9802,9
9803,1
9804,7
9805,4
9806,5
9807,4
9808,9
9809,9
9810,3
9811,1
9812,9
9813,7
9814,9
9815,7
9816,4
9817,1
9818,7
9819,4
9820,8
9821,9
9822,4
9823,4
9824,6
9825,7
9826,1
9827,2
9828,4
9829,1
9830,0
9831,4
9832,8
9833,2
9834,5
9835,3
9836,4
9837,7
9838,1
9839,8
9840,1
9841,7
9842,1
9843,8
9844,1
9845,4
9846,4
9847,7
9848,8
9849,4
9850,5
9851,3
9852,4
9853,0
9854,5
9855,8
9856,4
9857,4
9858,4
9859,6
9860,7
9861,9
9862,1
9863,1
9864,1
9865,1
9866,5
9867,0
9868,2
9869,1
9870,0
9871,0
9872,9
9873,5
9874,0
9875,1
9876,9
9877,3
9878,9
9879,0
9880,5
9881,6
9882,3
9883,6
9884,5
9885,3
9886,9
9887,9
9888,2
9889,0
9890,9
9891,8
9892,9
9893,4
9894,5
9895,2
9896,8
9897,8
9898,2
9899,4
9900,8
9901,8
9902,9
9903,3
9904,9
9905,9
9906,7
9907,1
9908,1
9909,4
9910,0
9911,9
9912,2
9913,9
9914,2
9915,5
9916,7
9917,9
9918,9
9919,8
9920,2
9921,2
9922,9
9923,7
9924,2
9925,4
9926,7
9927,9
9928,4
9929,8
9930,8
9931,9
9932,9
9933,9
9934,1
9935,0
9936,3
9937,9
9938,8
9939,5
9940,4
9941,9
9942,9
9943,7
9944,4
9945,8
9946,4
9947,8
9948,9
9949,3
9950,9
9951,9
9952,8
9953,9
9954,1
9955,2
9956,4
9957,8
9958,9
9959,4
9960,4
9961,7
9962,4
9963,2
9964,4
9965,4
9966,3
9967,4
9968,5
9969,0
9970,8
9971,9
9972,9
9973,2
9974,0
9975,7
9976,0
9977,8
9978,8
9979,7
9980,2
9981,9
9982,4
9983,9
9984,9
9985,9
9986,0
9987,8
9988,6
9989,7
9990,9
9991,7
9992,9
9993,4
9994,8
9995,0
9996,0
9997,6
9998,8
9999,8
10000,1
